Workbook

Sheet Datos
A1: Random Forest auditable · datos
A2: La partición fue fijada en Python. La columna y convierte la respuesta en 0/1; las cinco variables alimentan los siete árboles.
A3: id_cliente | B3: particion | C3: acepta_deposito | D3: y | E3: edad | F3: contactos_campana | G3: contactos_previos | H3: contacto_celular | I3: resultado_previo_exitoso
A4: CLI000001 | B4: Entrenamiento | C4: No | D4: =--(C4="Sí") | E4: 43 | F4: 3 | G4: 0 | H4: 1 | I4: 0
A5: CLI000002 | B5: Entrenamiento | C5: No | D5: =--(C5="Sí") | E5: 38 | F5: 1 | G5: 0 | H5: 1 | I5: 0
A6: CLI000003 | B6: Entrenamiento | C6: No | D6: =--(C6="Sí") | E6: 44 | F6: 2 | G6: 0 | H6: 0 | I6: 0
A7: CLI000004 | B7: Prueba | C7: No | D7: =--(C7="Sí") | E7: 49 | F7: 1 | G7: 0 | H7: 1 | I7: 0
A8: CLI000006 | B8: Entrenamiento | C8: No | D8: =--(C8="Sí") | E8: 46 | F8: 5 | G8: 1 | H8: 1 | I8: 1
A9: CLI000007 | B9: Entrenamiento | C9: No | D9: =--(C9="Sí") | E9: 38 | F9: 2 | G9: 0 | H9: 1 | I9: 0
A10: CLI000008 | B10: Prueba | C10: No | D10: =--(C10="Sí") | E10: 47 | F10: 2 | G10: 0 | H10: 1 | I10: 0
A11: CLI000009 | B11: Entrenamiento | C11: No | D11: =--(C11="Sí") | E11: 28 | F11: 5 | G11: 0 | H11: 0 | I11: 0
A12: CLI000011 | B12: Entrenamiento | C12: No | D12: =--(C12="Sí") | E12: 30 | F12: 1 | G12: 0 | H12: 1 | I12: 0
A13: CLI000012 | B13: Prueba | C13: No | D13: =--(C13="Sí") | E13: 26 | F13: 9 | G13: 1 | H13: 1 | I13: 0
A14: CLI000013 | B14: Entrenamiento | C14: No | D14: =--(C14="Sí") | E14: 45 | F14: 1 | G14: 0 | H14: 1 | I14: 0
A15: CLI000014 | B15: Entrenamiento | C15: No | D15: =--(C15="Sí") | E15: 28 | F15: 2 | G15: 0 | H15: 0 | I15: 0
... A6943: CLI008000 | B6943: Prueba | C6943: No | D6943: =--(C6943="Sí") | E6943: 57 | F6943: 15 | G6943: 0 | H6943: 1 | I6943: 0

Sheet Bosque
A1: Siete árboles en una sola tabla
A2: Cada fila es un nodo. Gini y reducción Gini son fórmulas; las probabilidades de hoja son la proporción ponderada de clase 1.
A3: Árbol | B3: Nodo | C3: ¿Hoja? | D3: Variable | E3: Umbral | F3: Hijo izq. | G3: Hijo der. | H3: N ponderado | I3: Clase 0 | J3: Clase 1 | K3: Gini | L3: Reducción Gini | M3: Prob. hoja
A4: 1 | B4: 0 | C4: No | D4: contactos_previos | E4: 0.5 | F4: 1 | G4: 4 | H4: 5220 | I4: 4620 | J4: 600 | K4: =IF(H4=0,0,1-(I4/H4)^2-(J4/H4)^2) | L4: =K4-(H5/H4)*K5-(H8/H4)*K8
A5: 1 | B5: 1 | C5: No | D5: contacto_celular | E5: 0.5 | F5: 2 | G5: 3 | H5: 4531 | I5: 4120 | J5: 411 | K5: =IF(H5=0,0,1-(I5/H5)^2-(J5/H5)^2) | L5: =K5-(H6/H5)*K6-(H7/H5)*K7
A6: 1 | B6: 2 | C6: Sí | D6: Hoja | H6: 1880 | I6: 1791 | J6: 89 | K6: =IF(H6=0,0,1-(I6/H6)^2-(J6/H6)^2) | L6: 0 | M6: =IF(H6=0,0,J6/H6)
A7: 1 | B7: 3 | C7: Sí | D7: Hoja | H7: 2651 | I7: 2329 | J7: 322 | K7: =IF(H7=0,0,1-(I7/H7)^2-(J7/H7)^2) | L7: 0 | M7: =IF(H7=0,0,J7/H7)
A8: 1 | B8: 4 | C8: No | D8: contactos_previos | E8: 1.5 | F8: 5 | G8: 6 | H8: 689 | I8: 500 | J8: 189 | K8: =IF(H8=0,0,1-(I8/H8)^2-(J8/H8)^2) | L8: =K8-(H9/H8)*K9-(H10/H8)*K10
A9: 1 | B9: 5 | C9: Sí | D9: Hoja | H9: 552 | I9: 425 | J9: 127 | K9: =IF(H9=0,0,1-(I9/H9)^2-(J9/H9)^2) | L9: 0 | M9: =IF(H9=0,0,J9/H9)
A10: 1 | B10: 6 | C10: Sí | D10: Hoja | H10: 137 | I10: 75 | J10: 62 | K10: =IF(H10=0,0,1-(I10/H10)^2-(J10/H10)^2) | L10: 0 | M10: =IF(H10=0,0,J10/H10)
A11: 2 | B11: 0 | C11: No | D11: contacto_celular | E11: 0.5 | F11: 1 | G11: 4 | H11: 5220 | I11: 4605 | J11: 615 | K11: =IF(H11=0,0,1-(I11/H11)^2-(J11/H11)^2) | L11: =K11-(H12/H11)*K12-(H15/H11)*K15
A12: 2 | B12: 1 | C12: No | D12: edad | E12: 58.5 | F12: 2 | G12: 3 | H12: 1873 | I12: 1772 | J12: 101 | K12: =IF(H12=0,0,1-(I12/H12)^2-(J12/H12)^2) | L12: =K12-(H13/H12)*K13-(H14/H12)*K14
A13: 2 | B13: 2 | C13: Sí | D13: Hoja | H13: 1810 | I13: 1718 | J13: 92 | K13: =IF(H13=0,0,1-(I13/H13)^2-(J13/H13)^2) | L13: 0 | M13: =IF(H13=0,0,J13/H13)
A14: 2 | B14: 3 | C14: Sí | D14: Hoja | H14: 63 | I14: 54 | J14: 9 | K14: =IF(H14=0,0,1-(I14/H14)^2-(J14/H14)^2) | L14: 0 | M14: =IF(H14=0,0,J14/H14)
A15: 2 | B15: 4 | C15: No | D15: resultado_previo_exitoso | E15: 0.5 | F15: 5 | G15: 6 | H15: 3347 | I15: 2833 | J15: 514 | K15: =IF(H15=0,0,1-(I15/H15)^2-(J15/H15)^2) | L15: =K15-(H16/H15)*K16-(H17/H15)*K17
A16: 2 | B16: 5 | C16: Sí | D16: Hoja | H16: 3186 | I16: 2783 | J16: 403 | K16: =IF(H16=0,0,1-(I16/H16)^2-(J16/H16)^2) | L16: 0 | M16: =IF(H16=0,0,J16/H16)
A17: 2 | B17: 6 | C17: Sí | D17: Hoja | H17: 161 | I17: 50 | J17: 111 | K17: =IF(H17=0,0,1-(I17/H17)^2-(J17/H17)^2) | L17: 0 | M17: =IF(H17=0,0,J17/H17)
A18: 3 | B18: 0 | C18: No | D18: edad | E18: 60.5 | F18: 1 | G18: 4 | H18: 5220 | I18: 4614 | J18: 606 | K18: =IF(H18=0,0,1-(I18/H18)^2-(J18/H18)^2) | L18: =K18-(H19/H18)*K19-(H22/H18)*K22
A19: 3 | B19: 1 | C19: No | D19: resultado_previo_exitoso | E19: 0.5 | F19: 2 | G19: 3 | H19: 5102 | I19: 4556 | J19: 546 | K19: =IF(H19=0,0,1-(I19/H19)^2-(J19/H19)^2) | L19: =K19-(H20/H19)*K20-(H21/H19)*K21
A20: 3 | B20: 2 | C20: Sí | D20: Hoja | H20: 4959 | I20: 4508 | J20: 451 | K20: =IF(H20=0,0,1-(I20/H20)^2-(J20/H20)^2) | L20: 0 | M20: =IF(H20=0,0,J20/H20)
A21: 3 | B21: 3 | C21: Sí | D21: Hoja | H21: 143 | I21: 48 | J21: 95 | K21: =IF(H21=0,0,1-(I21/H21)^2-(J21/H21)^2) | L21: 0 | M21: =IF(H21=0,0,J21/H21)
A22: 3 | B22: 4 | C22: Sí | D22: Hoja | H22: 118 | I22: 58 | J22: 60 | K22: =IF(H22=0,0,1-(I22/H22)^2-(J22/H22)^2) | L22: 0 | M22: =IF(H22=0,0,J22/H22)
A23: 4 | B23: 0 | C23: No | D23: edad | E23: 59.5 | F23: 1 | G23: 4 | H23: 5220 | I23: 4647 | J23: 573 | K23: =IF(H23=0,0,1-(I23/H23)^2-(J23/H23)^2) | L23: =K23-(H24/H23)*K24-(H27/H23)*K27
A24: 4 | B24: 1 | C24: No | D24: edad | E24: 24.5 | F24: 2 | G24: 3 | H24: 5047 | I24: 4547 | J24: 500 | K24: =IF(H24=0,0,1-(I24/H24)^2-(J24/H24)^2) | L24: =K24-(H25/H24)*K25-(H26/H24)*K26
A25: 4 | B25: 2 | C25: Sí | D25: Hoja | H25: 144 | I25: 96 | J25: 48 | K25: =IF(H25=0,0,1-(I25/H25)^2-(J25/H25)^2) | L25: 0 | M25: =IF(H25=0,0,J25/H25)
A26: 4 | B26: 3 | C26: Sí | D26: Hoja | H26: 4903 | I26: 4451 | J26: 452 | K26: =IF(H26=0,0,1-(I26/H26)^2-(J26/H26)^2) | L26: 0 | M26: =IF(H26=0,0,J26/H26)
A27: 4 | B27: 4 | C27: No | D27: edad | E27: 67.5 | F27: 5 | G27: 6 | H27: 173 | I27: 100 | J27: 73 | K27: =IF(H27=0,0,1-(I27/H27)^2-(J27/H27)^2) | L27: =K27-(H28/H27)*K28-(H29/H27)*K29
A28: 4 | B28: 5 | C28: Sí | D28: Hoja | H28: 101 | I28: 66 | J28: 35 | K28: =IF(H28=0,0,1-(I28/H28)^2-(J28/H28)^2) | L28: 0 | M28: =IF(H28=0,0,J28/H28)
A29: 4 | B29: 6 | C29: Sí | D29: Hoja | H29: 72 | I29: 34 | J29: 38 | K29: =IF(H29=0,0,1-(I29/H29)^2-(J29/H29)^2) | L29: 0 | M29: =IF(H29=0,0,J29/H29)
A30: 5 | B30: 0 | C30: No | D30: contactos_previos | E30: 1.5 | F30: 1 | G30: 4 | H30: 5220 | I30: 4635 | J30: 585 | K30: =IF(H30=0,0,1-(I30/H30)^2-(J30/H30)^2) | L30: =K30-(H31/H30)*K31-(H34/H30)*K34
A31: 5 | B31: 1 | C31: No | D31: edad | E31: 60.5 | F31: 2 | G31: 3 | H31: 5089 | I31: 4567 | J31: 522 | K31: =IF(H31=0,0,1-(I31/H31)^2-(J31/H31)^2) | L31: =K31-(H32/H31)*K32-(H33/H31)*K33
A32: 5 | B32: 2 | C32: Sí | D32: Hoja | H32: 4984 | I32: 4495 | J32: 489 | K32: =IF(H32=0,0,1-(I32/H32)^2-(J32/H32)^2) | L32: 0 | M32: =IF(H32=0,0,J32/H32)
A33: 5 | B33: 3 | C33: Sí | D33: Hoja | H33: 105 | I33: 72 | J33: 33 | K33: =IF(H33=0,0,1-(I33/H33)^2-(J33/H33)^2) | L33: 0 | M33: =IF(H33=0,0,J33/H33)
A34: 5 | B34: 4 | C34: No | D34: edad | E34: 36.5 | F34: 5 | G34: 6 | H34: 131 | I34: 68 | J34: 63 | K34: =IF(H34=0,0,1-(I34/H34)^2-(J34/H34)^2) | L34: =K34-(H35/H34)*K35-(H36/H34)*K36
A35: 5 | B35: 5 | C35: Sí | D35: Hoja | H35: 61 | I35: 34 | J35: 27 | K35: =IF(H35=0,0,1-(I35/H35)^2-(J35/H35)^2) | L35: 0 | M35: =IF(H35=0,0,J35/H35)
A36: 5 | B36: 6 | C36: Sí | D36: Hoja | H36: 70 | I36: 34 | J36: 36 | K36: =IF(H36=0,0,1-(I36/H36)^2-(J36/H36)^2) | L36: 0 | M36: =IF(H36=0,0,J36/H36)
A37: 6 | B37: 0 | C37: No | D37: resultado_previo_exitoso | E37: 0.5 | F37: 1 | G37: 4 | H37: 5220 | I37: 4630 | J37: 590 | K37: =IF(H37=0,0,1-(I37/H37)^2-(J37/H37)^2) | L37: =K37-(H38/H37)*K38-(H41/H37)*K41
A38: 6 | B38: 1 | C38: No | D38: contacto_celular | E38: 0.5 | F38: 2 | G38: 3 | H38: 5048 | I38: 4581 | J38: 467 | K38: =IF(H38=0,0,1-(I38/H38)^2-(J38/H38)^2) | L38: =K38-(H39/H38)*K39-(H40/H38)*K40
A39: 6 | B39: 2 | C39: Sí | D39: Hoja | H39: 1920 | I39: 1812 | J39: 108 | K39: =IF(H39=0,0,1-(I39/H39)^2-(J39/H39)^2) | L39: 0 | M39: =IF(H39=0,0,J39/H39)
A40: 6 | B40: 3 | C40: Sí | D40: Hoja | H40: 3128 | I40: 2769 | J40: 359 | K40: =IF(H40=0,0,1-(I40/H40)^2-(J40/H40)^2) | L40: 0 | M40: =IF(H40=0,0,J40/H40)
A41: 6 | B41: 4 | C41: No | D41: contactos_campana | E41: 1.5 | F41: 5 | G41: 6 | H41: 172 | I41: 49 | J41: 123 | K41: =IF(H41=0,0,1-(I41/H41)^2-(J41/H41)^2) | L41: =K41-(H42/H41)*K42-(H43/H41)*K43
A42: 6 | B42: 5 | C42: Sí | D42: Hoja | H42: 86 | I42: 18 | J42: 68 | K42: =IF(H42=0,0,1-(I42/H42)^2-(J42/H42)^2) | L42: 0 | M42: =IF(H42=0,0,J42/H42)
A43: 6 | B43: 6 | C43: Sí | D43: Hoja | H43: 86 | I43: 31 | J43: 55 | K43: =IF(H43=0,0,1-(I43/H43)^2-(J43/H43)^2) | L43: 0 | M43: =IF(H43=0,0,J43/H43)
A44: 7 | B44: 0 | C44: No | D44: contactos_previos | E44: 0.5 | F44: 1 | G44: 4 | H44: 5220 | I44: 4613 | J44: 607 | K44: =IF(H44=0,0,1-(I44/H44)^2-(J44/H44)^2) | L44: =K44-(H45/H44)*K45-(H48/H44)*K48
A45: 7 | B45: 1 | C45: No | D45: contacto_celular | E45: 0.5 | F45: 2 | G45: 3 | H45: 4509 | I45: 4088 | J45: 421 | K45: =IF(H45=0,0,1-(I45/H45)^2-(J45/H45)^2) | L45: =K45-(H46/H45)*K46-(H47/H45)*K47
A46: 7 | B46: 2 | C46: Sí | D46: Hoja | H46: 1850 | I46: 1750 | J46: 100 | K46: =IF(H46=0,0,1-(I46/H46)^2-(J46/H46)^2) | L46: 0 | M46: =IF(H46=0,0,J46/H46)
A47: 7 | B47: 3 | C47: Sí | D47: Hoja | H47: 2659 | I47: 2338 | J47: 321 | K47: =IF(H47=0,0,1-(I47/H47)^2-(J47/H47)^2) | L47: 0 | M47: =IF(H47=0,0,J47/H47)
A48: 7 | B48: 4 | C48: No | D48: contactos_campana | E48: 2.5 | F48: 5 | G48: 6 | H48: 711 | I48: 525 | J48: 186 | K48: =IF(H48=0,0,1-(I48/H48)^2-(J48/H48)^2) | L48: =K48-(H49/H48)*K49-(H50/H48)*K50
A49: 7 | B49: 5 | C49: Sí | D49: Hoja | H49: 580 | I49: 419 | J49: 161 | K49: =IF(H49=0,0,1-(I49/H49)^2-(J49/H49)^2) | L49: 0 | M49: =IF(H49=0,0,J49/H49)
A50: 7 | B50: 6 | C50: Sí | D50: Hoja | H50: 131 | I50: 106 | J50: 25 | K50: =IF(H50=0,0,1-(I50/H50)^2-(J50/H50)^2) | L50: 0 | M50: =IF(H50=0,0,J50/H50)

Sheet Resultados
A1: Predicción, decisión e importancia
A2: Cambie el punto de corte en M2. Las siete probabilidades se calculan recorriendo los nodos de Bosque; la importancia es la reducción Gini normalizada por árbol. | M2: 0.2 | N2: ← Punto de corte editable | U2: Variable | V2: 1 | W2: 2 | X2: 3 | Y2: 4 | Z2: 5 | AA2: 6 | AB2: 7 | AC2: Promedio
A3: id_cliente | B3: partición | C3: y real | D3: fila Datos | E3: Árbol 1 | F3: Árbol 2 | G3: Árbol 3 | H3: Árbol 4 | I3: Árbol 5 | J3: Árbol 6 | K3: Árbol 7 | L3: Prob. bosque | M3: Punto de corte | N3: Contactar | O3: TP | P3: FP | Q3: FN | R3: TN | S3: Acierto | T3: Valor esperado | U3: resultado_previo_exitoso | V3: =IFERROR(SUMIFS(Bosque!$L:$L,Bosque!$A:$A,V$2,Bosque!$D:$D,$U3)/SUMIFS(Bosque!$L:$L,Bosque!$A:$A,V$2),0) | W3: =IFERROR(SUMIFS(Bosque!$L:$L,Bosque!$A:$A,W$2,Bosque!$D:$D,$U3)/SUMIFS(Bosque!$L:$L,Bosque!$A:$A,W$2),0) | X3: =IFERROR(SUMIFS(Bosque!$L:$L,Bosque!$A:$A,X$2,Bosque!$D:$D,$U3)/SUMIFS(Bosque!$L:$L,Bosque!$A:$A,X$2),0) | Y3: =IFERROR(SUMIFS(Bosque!$L:$L,Bosque!$A:$A,Y$2,Bosque!$D:$D,$U3)/SUMIFS(Bosque!$L:$L,Bosque!$A:$A,Y$2),0) | Z3: =IFERROR(SUMIFS(Bosque!$L:$L,Bosque!$A:$A,Z$2,Bosque!$D:$D,$U3)/SUMIFS(Bosque!$L:$L,Bosque!$A:$A,Z$2),0) | AA3: =IFERROR(SUMIFS(Bosque!$L:$L,Bosque!$A:$A,AA$2,Bosque!$D:$D,$U3)/SUMIFS(Bosque!$L:$L,Bosque!$A:$A,AA$2),0) | AB3: =IFERROR(SUMIFS(Bosque!$L:$L,Bosque!$A:$A,AB$2,Bosque!$D:$D,$U3)/SUMIFS(Bosque!$L:$L,Bosque!$A:$A,AB$2),0) | AC3: =AVERAGE(V3:AB3)
A4: =Datos!A4 | B4: =Datos!B4 | C4: =Datos!D4 | D4: 4 | E4: =IF(Datos!$G$4<=Bosque!$E$4,IF(Datos!$H$4<=Bosque!$E$5,Bosque!$M$6,Bosque!$M$7),IF(Datos!$G$4<=Bosque!$E$8,Bosque!$M$9,Bosque!$M$10)) | F4: =IF(Datos!$H$4<=Bosque!$E$11,IF(Datos!$E$4<=Bosque!$E$12,Bosque!$M$13,Bosque!$M$14),IF(Datos!$I$4<=Bosque!$E$15,Bosque!$M$16,Bosque!$M$17)) | G4: =IF(Datos!$E$4<=Bosque!$E$18,IF(Datos!$I$4<=Bosque!$E$19,Bosque!$M$20,Bosque!$M$21),Bosque!$M$22) | H4: =IF(Datos!$E$4<=Bosque!$E$23,IF(Datos!$E$4<=Bosque!$E$24,Bosque!$M$25,Bosque!$M$26),IF(Datos!$E$4<=Bosque!$E$27,Bosque!$M$28,Bosque!$M$29)) | I4: =IF(Datos!$G$4<=Bosque!$E$30,IF(Datos!$E$4<=Bosque!$E$31,Bosque!$M$32,Bosque!$M$33),IF(Datos!$E$4<=Bosque!$E$34,Bosque!$M$35,Bosque!$M$36)) | J4: =IF(Datos!$I$4<=Bosque!$E$37,IF(Datos!$H$4<=Bosque!$E$38,Bosque!$M$39,Bosque!$M$40),IF(Datos!$F$4<=Bosque!$E$41,Bosque!$M$42,Bosque!$M$43)) | K4: =IF(Datos!$G$4<=Bosque!$E$44,IF(Datos!$H$4<=Bosque!$E$45,Bosque!$M$46,Bosque!$M$47),IF(Datos!$F$4<=Bosque!$E$48,Bosque!$M$49,Bosque!$M$50)) | L4: =AVERAGE(E4:K4) | M4: =$M$2 | N4: =IF(L4>=M4,"Sí","No") | O4: =--AND(C4=1,N4="Sí") | P4: =--AND(C4=0,N4="Sí") | Q4: =--AND(C4=1,N4="No") | R4: =--AND(C4=0,N4="No") | S4: =--(C4=--(L4>=M4)) | T4: =O4*60000-P4*3000 | U4: contactos_previos | V4: =IFERROR(SUMIFS(Bosque!$L:$L,Bosque!$A:$A,V$2,Bosque!$D:$D,$U4)/SUMIFS(Bosque!$L:$L,Bosque!$A:$A,V$2),0) | W4: =IFERROR(SUMIFS(Bosque!$L:$L,Bosque!$A:$A,W$2,Bosque!$D:$D,$U4)/SUMIFS(Bosque!$L:$L,Bosque!$A:$A,W$2),0) | X4: =IFERROR(SUMIFS(Bosque!$L:$L,Bosque!$A:$A,X$2,Bosque!$D:$D,$U4)/SUMIFS(Bosque!$L:$L,Bosque!$A:$A,X$2),0) | Y4: =IFERROR(SUMIFS(Bosque!$L:$L,Bosque!$A:$A,Y$2,Bosque!$D:$D,$U4)/SUMIFS(Bosque!$L:$L,Bosque!$A:$A,Y$2),0) | Z4: =IFERROR(SUMIFS(Bosque!$L:$L,Bosque!$A:$A,Z$2,Bosque!$D:$D,$U4)/SUMIFS(Bosque!$L:$L,Bosque!$A:$A,Z$2),0) | AA4: =IFERROR(SUMIFS(Bosque!$L:$L,Bosque!$A:$A,AA$2,Bosque!$D:$D,$U4)/SUMIFS(Bosque!$L:$L,Bosque!$A:$A,AA$2),0) | AB4: =IFERROR(SUMIFS(Bosque!$L:$L,Bosque!$A:$A,AB$2,Bosque!$D:$D,$U4)/SUMIFS(Bosque!$L:$L,Bosque!$A:$A,AB$2),0) | AC4: =AVERAGE(V4:AB4)
A5: =Datos!A5 | B5: =Datos!B5 | C5: =Datos!D5 | D5: 5 | E5: =IF(Datos!$G$5<=Bosque!$E$4,IF(Datos!$H$5<=Bosque!$E$5,Bosque!$M$6,Bosque!$M$7),IF(Datos!$G$5<=Bosque!$E$8,Bosque!$M$9,Bosque!$M$10)) | F5: =IF(Datos!$H$5<=Bosque!$E$11,IF(Datos!$E$5<=Bosque!$E$12,Bosque!$M$13,Bosque!$M$14),IF(Datos!$I$5<=Bosque!$E$15,Bosque!$M$16,Bosque!$M$17)) | G5: =IF(Datos!$E$5<=Bosque!$E$18,IF(Datos!$I$5<=Bosque!$E$19,Bosque!$M$20,Bosque!$M$21),Bosque!$M$22) | H5: =IF(Datos!$E$5<=Bosque!$E$23,IF(Datos!$E$5<=Bosque!$E$24,Bosque!$M$25,Bosque!$M$26),IF(Datos!$E$5<=Bosque!$E$27,Bosque!$M$28,Bosque!$M$29)) | I5: =IF(Datos!$G$5<=Bosque!$E$30,IF(Datos!$E$5<=Bosque!$E$31,Bosque!$M$32,Bosque!$M$33),IF(Datos!$E$5<=Bosque!$E$34,Bosque!$M$35,Bosque!$M$36)) | J5: =IF(Datos!$I$5<=Bosque!$E$37,IF(Datos!$H$5<=Bosque!$E$38,Bosque!$M$39,Bosque!$M$40),IF(Datos!$F$5<=Bosque!$E$41,Bosque!$M$42,Bosque!$M$43)) | K5: =IF(Datos!$G$5<=Bosque!$E$44,IF(Datos!$H$5<=Bosque!$E$45,Bosque!$M$46,Bosque!$M$47),IF(Datos!$F$5<=Bosque!$E$48,Bosque!$M$49,Bosque!$M$50)) | L5: =AVERAGE(E5:K5) | M5: =$M$2 | N5: =IF(L5>=M5,"Sí","No") | O5: =--AND(C5=1,N5="Sí") | P5: =--AND(C5=0,N5="Sí") | Q5: =--AND(C5=1,N5="No") | R5: =--AND(C5=0,N5="No") | S5: =--(C5=--(L5>=M5)) | T5: =O5*60000-P5*3000 | U5: edad | V5: =IFERROR(SUMIFS(Bosque!$L:$L,Bosque!$A:$A,V$2,Bosque!$D:$D,$U5)/SUMIFS(Bosque!$L:$L,Bosque!$A:$A,V$2),0) | W5: =IFERROR(SUMIFS(Bosque!$L:$L,Bosque!$A:$A,W$2,Bosque!$D:$D,$U5)/SUMIFS(Bosque!$L:$L,Bosque!$A:$A,W$2),0) | X5: =IFERROR(SUMIFS(Bosque!$L:$L,Bosque!$A:$A,X$2,Bosque!$D:$D,$U5)/SUMIFS(Bosque!$L:$L,Bosque!$A:$A,X$2),0) | Y5: =IFERROR(SUMIFS(Bosque!$L:$L,Bosque!$A:$A,Y$2,Bosque!$D:$D,$U5)/SUMIFS(Bosque!$L:$L,Bosque!$A:$A,Y$2),0) | Z5: =IFERROR(SUMIFS(Bosque!$L:$L,Bosque!$A:$A,Z$2,Bosque!$D:$D,$U5)/SUMIFS(Bosque!$L:$L,Bosque!$A:$A,Z$2),0) | AA5: =IFERROR(SUMIFS(Bosque!$L:$L,Bosque!$A:$A,AA$2,Bosque!$D:$D,$U5)/SUMIFS(Bosque!$L:$L,Bosque!$A:$A,AA$2),0) | AB5: =IFERROR(SUMIFS(Bosque!$L:$L,Bosque!$A:$A,AB$2,Bosque!$D:$D,$U5)/SUMIFS(Bosque!$L:$L,Bosque!$A:$A,AB$2),0) | AC5: =AVERAGE(V5:AB5)
A6: =Datos!A6 | B6: =Datos!B6 | C6: =Datos!D6 | D6: 6 | E6: =IF(Datos!$G$6<=Bosque!$E$4,IF(Datos!$H$6<=Bosque!$E$5,Bosque!$M$6,Bosque!$M$7),IF(Datos!$G$6<=Bosque!$E$8,Bosque!$M$9,Bosque!$M$10)) | F6: =IF(Datos!$H$6<=Bosque!$E$11,IF(Datos!$E$6<=Bosque!$E$12,Bosque!$M$13,Bosque!$M$14),IF(Datos!$I$6<=Bosque!$E$15,Bosque!$M$16,Bosque!$M$17)) | G6: =IF(Datos!$E$6<=Bosque!$E$18,IF(Datos!$I$6<=Bosque!$E$19,Bosque!$M$20,Bosque!$M$21),Bosque!$M$22) | H6: =IF(Datos!$E$6<=Bosque!$E$23,IF(Datos!$E$6<=Bosque!$E$24,Bosque!$M$25,Bosque!$M$26),IF(Datos!$E$6<=Bosque!$E$27,Bosque!$M$28,Bosque!$M$29)) | I6: =IF(Datos!$G$6<=Bosque!$E$30,IF(Datos!$E$6<=Bosque!$E$31,Bosque!$M$32,Bosque!$M$33),IF(Datos!$E$6<=Bosque!$E$34,Bosque!$M$35,Bosque!$M$36)) | J6: =IF(Datos!$I$6<=Bosque!$E$37,IF(Datos!$H$6<=Bosque!$E$38,Bosque!$M$39,Bosque!$M$40),IF(Datos!$F$6<=Bosque!$E$41,Bosque!$M$42,Bosque!$M$43)) | K6: =IF(Datos!$G$6<=Bosque!$E$44,IF(Datos!$H$6<=Bosque!$E$45,Bosque!$M$46,Bosque!$M$47),IF(Datos!$F$6<=Bosque!$E$48,Bosque!$M$49,Bosque!$M$50)) | L6: =AVERAGE(E6:K6) | M6: =$M$2 | N6: =IF(L6>=M6,"Sí","No") | O6: =--AND(C6=1,N6="Sí") | P6: =--AND(C6=0,N6="Sí") | Q6: =--AND(C6=1,N6="No") | R6: =--AND(C6=0,N6="No") | S6: =--(C6=--(L6>=M6)) | T6: =O6*60000-P6*3000 | U6: contacto_celular | V6: =IFERROR(SUMIFS(Bosque!$L:$L,Bosque!$A:$A,V$2,Bosque!$D:$D,$U6)/SUMIFS(Bosque!$L:$L,Bosque!$A:$A,V$2),0) | W6: =IFERROR(SUMIFS(Bosque!$L:$L,Bosque!$A:$A,W$2,Bosque!$D:$D,$U6)/SUMIFS(Bosque!$L:$L,Bosque!$A:$A,W$2),0) | X6: =IFERROR(SUMIFS(Bosque!$L:$L,Bosque!$A:$A,X$2,Bosque!$D:$D,$U6)/SUMIFS(Bosque!$L:$L,Bosque!$A:$A,X$2),0) | Y6: =IFERROR(SUMIFS(Bosque!$L:$L,Bosque!$A:$A,Y$2,Bosque!$D:$D,$U6)/SUMIFS(Bosque!$L:$L,Bosque!$A:$A,Y$2),0) | Z6: =IFERROR(SUMIFS(Bosque!$L:$L,Bosque!$A:$A,Z$2,Bosque!$D:$D,$U6)/SUMIFS(Bosque!$L:$L,Bosque!$A:$A,Z$2),0) | AA6: =IFERROR(SUMIFS(Bosque!$L:$L,Bosque!$A:$A,AA$2,Bosque!$D:$D,$U6)/SUMIFS(Bosque!$L:$L,Bosque!$A:$A,AA$2),0) | AB6: =IFERROR(SUMIFS(Bosque!$L:$L,Bosque!$A:$A,AB$2,Bosque!$D:$D,$U6)/SUMIFS(Bosque!$L:$L,Bosque!$A:$A,AB$2),0) | AC6: =AVERAGE(V6:AB6)
A7: =Datos!A7 | B7: =Datos!B7 | C7: =Datos!D7 | D7: 7 | E7: =IF(Datos!$G$7<=Bosque!$E$4,IF(Datos!$H$7<=Bosque!$E$5,Bosque!$M$6,Bosque!$M$7),IF(Datos!$G$7<=Bosque!$E$8,Bosque!$M$9,Bosque!$M$10)) | F7: =IF(Datos!$H$7<=Bosque!$E$11,IF(Datos!$E$7<=Bosque!$E$12,Bosque!$M$13,Bosque!$M$14),IF(Datos!$I$7<=Bosque!$E$15,Bosque!$M$16,Bosque!$M$17)) | G7: =IF(Datos!$E$7<=Bosque!$E$18,IF(Datos!$I$7<=Bosque!$E$19,Bosque!$M$20,Bosque!$M$21),Bosque!$M$22) | H7: =IF(Datos!$E$7<=Bosque!$E$23,IF(Datos!$E$7<=Bosque!$E$24,Bosque!$M$25,Bosque!$M$26),IF(Datos!$E$7<=Bosque!$E$27,Bosque!$M$28,Bosque!$M$29)) | I7: =IF(Datos!$G$7<=Bosque!$E$30,IF(Datos!$E$7<=Bosque!$E$31,Bosque!$M$32,Bosque!$M$33),IF(Datos!$E$7<=Bosque!$E$34,Bosque!$M$35,Bosque!$M$36)) | J7: =IF(Datos!$I$7<=Bosque!$E$37,IF(Datos!$H$7<=Bosque!$E$38,Bosque!$M$39,Bosque!$M$40),IF(Datos!$F$7<=Bosque!$E$41,Bosque!$M$42,Bosque!$M$43)) | K7: =IF(Datos!$G$7<=Bosque!$E$44,IF(Datos!$H$7<=Bosque!$E$45,Bosque!$M$46,Bosque!$M$47),IF(Datos!$F$7<=Bosque!$E$48,Bosque!$M$49,Bosque!$M$50)) | L7: =AVERAGE(E7:K7) | M7: =$M$2 | N7: =IF(L7>=M7,"Sí","No") | O7: =--AND(C7=1,N7="Sí") | P7: =--AND(C7=0,N7="Sí") | Q7: =--AND(C7=1,N7="No") | R7: =--AND(C7=0,N7="No") | S7: =--(C7=--(L7>=M7)) | T7: =O7*60000-P7*3000 | U7: contactos_campana | V7: =IFERROR(SUMIFS(Bosque!$L:$L,Bosque!$A:$A,V$2,Bosque!$D:$D,$U7)/SUMIFS(Bosque!$L:$L,Bosque!$A:$A,V$2),0) | W7: =IFERROR(SUMIFS(Bosque!$L:$L,Bosque!$A:$A,W$2,Bosque!$D:$D,$U7)/SUMIFS(Bosque!$L:$L,Bosque!$A:$A,W$2),0) | X7: =IFERROR(SUMIFS(Bosque!$L:$L,Bosque!$A:$A,X$2,Bosque!$D:$D,$U7)/SUMIFS(Bosque!$L:$L,Bosque!$A:$A,X$2),0) | Y7: =IFERROR(SUMIFS(Bosque!$L:$L,Bosque!$A:$A,Y$2,Bosque!$D:$D,$U7)/SUMIFS(Bosque!$L:$L,Bosque!$A:$A,Y$2),0) | Z7: =IFERROR(SUMIFS(Bosque!$L:$L,Bosque!$A:$A,Z$2,Bosque!$D:$D,$U7)/SUMIFS(Bosque!$L:$L,Bosque!$A:$A,Z$2),0) | AA7: =IFERROR(SUMIFS(Bosque!$L:$L,Bosque!$A:$A,AA$2,Bosque!$D:$D,$U7)/SUMIFS(Bosque!$L:$L,Bosque!$A:$A,AA$2),0) | AB7: =IFERROR(SUMIFS(Bosque!$L:$L,Bosque!$A:$A,AB$2,Bosque!$D:$D,$U7)/SUMIFS(Bosque!$L:$L,Bosque!$A:$A,AB$2),0) | AC7: =AVERAGE(V7:AB7)
A8: =Datos!A8 | B8: =Datos!B8 | C8: =Datos!D8 | D8: 8 | E8: =IF(Datos!$G$8<=Bosque!$E$4,IF(Datos!$H$8<=Bosque!$E$5,Bosque!$M$6,Bosque!$M$7),IF(Datos!$G$8<=Bosque!$E$8,Bosque!$M$9,Bosque!$M$10)) | F8: =IF(Datos!$H$8<=Bosque!$E$11,IF(Datos!$E$8<=Bosque!$E$12,Bosque!$M$13,Bosque!$M$14),IF(Datos!$I$8<=Bosque!$E$15,Bosque!$M$16,Bosque!$M$17)) | G8: =IF(Datos!$E$8<=Bosque!$E$18,IF(Datos!$I$8<=Bosque!$E$19,Bosque!$M$20,Bosque!$M$21),Bosque!$M$22) | H8: =IF(Datos!$E$8<=Bosque!$E$23,IF(Datos!$E$8<=Bosque!$E$24,Bosque!$M$25,Bosque!$M$26),IF(Datos!$E$8<=Bosque!$E$27,Bosque!$M$28,Bosque!$M$29)) | I8: =IF(Datos!$G$8<=Bosque!$E$30,IF(Datos!$E$8<=Bosque!$E$31,Bosque!$M$32,Bosque!$M$33),IF(Datos!$E$8<=Bosque!$E$34,Bosque!$M$35,Bosque!$M$36)) | J8: =IF(Datos!$I$8<=Bosque!$E$37,IF(Datos!$H$8<=Bosque!$E$38,Bosque!$M$39,Bosque!$M$40),IF(Datos!$F$8<=Bosque!$E$41,Bosque!$M$42,Bosque!$M$43)) | K8: =IF(Datos!$G$8<=Bosque!$E$44,IF(Datos!$H$8<=Bosque!$E$45,Bosque!$M$46,Bosque!$M$47),IF(Datos!$F$8<=Bosque!$E$48,Bosque!$M$49,Bosque!$M$50)) | L8: =AVERAGE(E8:K8) | M8: =$M$2 | N8: =IF(L8>=M8,"Sí","No") | O8: =--AND(C8=1,N8="Sí") | P8: =--AND(C8=0,N8="Sí") | Q8: =--AND(C8=1,N8="No") | R8: =--AND(C8=0,N8="No") | S8: =--(C8=--(L8>=M8)) | T8: =O8*60000-P8*3000
A9: =Datos!A9 | B9: =Datos!B9 | C9: =Datos!D9 | D9: 9 | E9: =IF(Datos!$G$9<=Bosque!$E$4,IF(Datos!$H$9<=Bosque!$E$5,Bosque!$M$6,Bosque!$M$7),IF(Datos!$G$9<=Bosque!$E$8,Bosque!$M$9,Bosque!$M$10)) | F9: =IF(Datos!$H$9<=Bosque!$E$11,IF(Datos!$E$9<=Bosque!$E$12,Bosque!$M$13,Bosque!$M$14),IF(Datos!$I$9<=Bosque!$E$15,Bosque!$M$16,Bosque!$M$17)) | G9: =IF(Datos!$E$9<=Bosque!$E$18,IF(Datos!$I$9<=Bosque!$E$19,Bosque!$M$20,Bosque!$M$21),Bosque!$M$22) | H9: =IF(Datos!$E$9<=Bosque!$E$23,IF(Datos!$E$9<=Bosque!$E$24,Bosque!$M$25,Bosque!$M$26),IF(Datos!$E$9<=Bosque!$E$27,Bosque!$M$28,Bosque!$M$29)) | I9: =IF(Datos!$G$9<=Bosque!$E$30,IF(Datos!$E$9<=Bosque!$E$31,Bosque!$M$32,Bosque!$M$33),IF(Datos!$E$9<=Bosque!$E$34,Bosque!$M$35,Bosque!$M$36)) | J9: =IF(Datos!$I$9<=Bosque!$E$37,IF(Datos!$H$9<=Bosque!$E$38,Bosque!$M$39,Bosque!$M$40),IF(Datos!$F$9<=Bosque!$E$41,Bosque!$M$42,Bosque!$M$43)) | K9: =IF(Datos!$G$9<=Bosque!$E$44,IF(Datos!$H$9<=Bosque!$E$45,Bosque!$M$46,Bosque!$M$47),IF(Datos!$F$9<=Bosque!$E$48,Bosque!$M$49,Bosque!$M$50)) | L9: =AVERAGE(E9:K9) | M9: =$M$2 | N9: =IF(L9>=M9,"Sí","No") | O9: =--AND(C9=1,N9="Sí") | P9: =--AND(C9=0,N9="Sí") | Q9: =--AND(C9=1,N9="No") | R9: =--AND(C9=0,N9="No") | S9: =--(C9=--(L9>=M9)) | T9: =O9*60000-P9*3000
A10: =Datos!A10 | B10: =Datos!B10 | C10: =Datos!D10 | D10: 10 | E10: =IF(Datos!$G$10<=Bosque!$E$4,IF(Datos!$H$10<=Bosque!$E$5,Bosque!$M$6,Bosque!$M$7),IF(Datos!$G$10<=Bosque!$E$8,Bosque!$M$9,Bosque!$M$10)) | F10: =IF(Datos!$H$10<=Bosque!$E$11,IF(Datos!$E$10<=Bosque!$E$12,Bosque!$M$13,Bosque!$M$14),IF(Datos!$I$10<=Bosque!$E$15,Bosque!$M$16,Bosque!$M$17)) | G10: =IF(Datos!$E$10<=Bosque!$E$18,IF(Datos!$I$10<=Bosque!$E$19,Bosque!$M$20,Bosque!$M$21),Bosque!$M$22) | H10: =IF(Datos!$E$10<=Bosque!$E$23,IF(Datos!$E$10<=Bosque!$E$24,Bosque!$M$25,Bosque!$M$26),IF(Datos!$E$10<=Bosque!$E$27,Bosque!$M$28,Bosque!$M$29)) | I10: =IF(Datos!$G$10<=Bosque!$E$30,IF(Datos!$E$10<=Bosque!$E$31,Bosque!$M$32,Bosque!$M$33),IF(Datos!$E$10<=Bosque!$E$34,Bosque!$M$35,Bosque!$M$36)) | J10: =IF(Datos!$I$10<=Bosque!$E$37,IF(Datos!$H$10<=Bosque!$E$38,Bosque!$M$39,Bosque!$M$40),IF(Datos!$F$10<=Bosque!$E$41,Bosque!$M$42,Bosque!$M$43)) | K10: =IF(Datos!$G$10<=Bosque!$E$44,IF(Datos!$H$10<=Bosque!$E$45,Bosque!$M$46,Bosque!$M$47),IF(Datos!$F$10<=Bosque!$E$48,Bosque!$M$49,Bosque!$M$50)) | L10: =AVERAGE(E10:K10) | M10: =$M$2 | N10: =IF(L10>=M10,"Sí","No") | O10: =--AND(C10=1,N10="Sí") | P10: =--AND(C10=0,N10="Sí") | Q10: =--AND(C10=1,N10="No") | R10: =--AND(C10=0,N10="No") | S10: =--(C10=--(L10>=M10)) | T10: =O10*60000-P10*3000
A11: =Datos!A11 | B11: =Datos!B11 | C11: =Datos!D11 | D11: 11 | E11: =IF(Datos!$G$11<=Bosque!$E$4,IF(Datos!$H$11<=Bosque!$E$5,Bosque!$M$6,Bosque!$M$7),IF(Datos!$G$11<=Bosque!$E$8,Bosque!$M$9,Bosque!$M$10)) | F11: =IF(Datos!$H$11<=Bosque!$E$11,IF(Datos!$E$11<=Bosque!$E$12,Bosque!$M$13,Bosque!$M$14),IF(Datos!$I$11<=Bosque!$E$15,Bosque!$M$16,Bosque!$M$17)) | G11: =IF(Datos!$E$11<=Bosque!$E$18,IF(Datos!$I$11<=Bosque!$E$19,Bosque!$M$20,Bosque!$M$21),Bosque!$M$22) | H11: =IF(Datos!$E$11<=Bosque!$E$23,IF(Datos!$E$11<=Bosque!$E$24,Bosque!$M$25,Bosque!$M$26),IF(Datos!$E$11<=Bosque!$E$27,Bosque!$M$28,Bosque!$M$29)) | I11: =IF(Datos!$G$11<=Bosque!$E$30,IF(Datos!$E$11<=Bosque!$E$31,Bosque!$M$32,Bosque!$M$33),IF(Datos!$E$11<=Bosque!$E$34,Bosque!$M$35,Bosque!$M$36)) | J11: =IF(Datos!$I$11<=Bosque!$E$37,IF(Datos!$H$11<=Bosque!$E$38,Bosque!$M$39,Bosque!$M$40),IF(Datos!$F$11<=Bosque!$E$41,Bosque!$M$42,Bosque!$M$43)) | K11: =IF(Datos!$G$11<=Bosque!$E$44,IF(Datos!$H$11<=Bosque!$E$45,Bosque!$M$46,Bosque!$M$47),IF(Datos!$F$11<=Bosque!$E$48,Bosque!$M$49,Bosque!$M$50)) | L11: =AVERAGE(E11:K11) | M11: =$M$2 | N11: =IF(L11>=M11,"Sí","No") | O11: =--AND(C11=1,N11="Sí") | P11: =--AND(C11=0,N11="Sí") | Q11: =--AND(C11=1,N11="No") | R11: =--AND(C11=0,N11="No") | S11: =--(C11=--(L11>=M11)) | T11: =O11*60000-P11*3000
A12: =Datos!A12 | B12: =Datos!B12 | C12: =Datos!D12 | D12: 12 | E12: =IF(Datos!$G$12<=Bosque!$E$4,IF(Datos!$H$12<=Bosque!$E$5,Bosque!$M$6,Bosque!$M$7),IF(Datos!$G$12<=Bosque!$E$8,Bosque!$M$9,Bosque!$M$10)) | F12: =IF(Datos!$H$12<=Bosque!$E$11,IF(Datos!$E$12<=Bosque!$E$12,Bosque!$M$13,Bosque!$M$14),IF(Datos!$I$12<=Bosque!$E$15,Bosque!$M$16,Bosque!$M$17)) | G12: =IF(Datos!$E$12<=Bosque!$E$18,IF(Datos!$I$12<=Bosque!$E$19,Bosque!$M$20,Bosque!$M$21),Bosque!$M$22) | H12: =IF(Datos!$E$12<=Bosque!$E$23,IF(Datos!$E$12<=Bosque!$E$24,Bosque!$M$25,Bosque!$M$26),IF(Datos!$E$12<=Bosque!$E$27,Bosque!$M$28,Bosque!$M$29)) | I12: =IF(Datos!$G$12<=Bosque!$E$30,IF(Datos!$E$12<=Bosque!$E$31,Bosque!$M$32,Bosque!$M$33),IF(Datos!$E$12<=Bosque!$E$34,Bosque!$M$35,Bosque!$M$36)) | J12: =IF(Datos!$I$12<=Bosque!$E$37,IF(Datos!$H$12<=Bosque!$E$38,Bosque!$M$39,Bosque!$M$40),IF(Datos!$F$12<=Bosque!$E$41,Bosque!$M$42,Bosque!$M$43)) | K12: =IF(Datos!$G$12<=Bosque!$E$44,IF(Datos!$H$12<=Bosque!$E$45,Bosque!$M$46,Bosque!$M$47),IF(Datos!$F$12<=Bosque!$E$48,Bosque!$M$49,Bosque!$M$50)) | L12: =AVERAGE(E12:K12) | M12: =$M$2 | N12: =IF(L12>=M12,"Sí","No") | O12: =--AND(C12=1,N12="Sí") | P12: =--AND(C12=0,N12="Sí") | Q12: =--AND(C12=1,N12="No") | R12: =--AND(C12=0,N12="No") | S12: =--(C12=--(L12>=M12)) | T12: =O12*60000-P12*3000
A13: =Datos!A13 | B13: =Datos!B13 | C13: =Datos!D13 | D13: 13 | E13: =IF(Datos!$G$13<=Bosque!$E$4,IF(Datos!$H$13<=Bosque!$E$5,Bosque!$M$6,Bosque!$M$7),IF(Datos!$G$13<=Bosque!$E$8,Bosque!$M$9,Bosque!$M$10)) | F13: =IF(Datos!$H$13<=Bosque!$E$11,IF(Datos!$E$13<=Bosque!$E$12,Bosque!$M$13,Bosque!$M$14),IF(Datos!$I$13<=Bosque!$E$15,Bosque!$M$16,Bosque!$M$17)) | G13: =IF(Datos!$E$13<=Bosque!$E$18,IF(Datos!$I$13<=Bosque!$E$19,Bosque!$M$20,Bosque!$M$21),Bosque!$M$22) | H13: =IF(Datos!$E$13<=Bosque!$E$23,IF(Datos!$E$13<=Bosque!$E$24,Bosque!$M$25,Bosque!$M$26),IF(Datos!$E$13<=Bosque!$E$27,Bosque!$M$28,Bosque!$M$29)) | I13: =IF(Datos!$G$13<=Bosque!$E$30,IF(Datos!$E$13<=Bosque!$E$31,Bosque!$M$32,Bosque!$M$33),IF(Datos!$E$13<=Bosque!$E$34,Bosque!$M$35,Bosque!$M$36)) | J13: =IF(Datos!$I$13<=Bosque!$E$37,IF(Datos!$H$13<=Bosque!$E$38,Bosque!$M$39,Bosque!$M$40),IF(Datos!$F$13<=Bosque!$E$41,Bosque!$M$42,Bosque!$M$43)) | K13: =IF(Datos!$G$13<=Bosque!$E$44,IF(Datos!$H$13<=Bosque!$E$45,Bosque!$M$46,Bosque!$M$47),IF(Datos!$F$13<=Bosque!$E$48,Bosque!$M$49,Bosque!$M$50)) | L13: =AVERAGE(E13:K13) | M13: =$M$2 | N13: =IF(L13>=M13,"Sí","No") | O13: =--AND(C13=1,N13="Sí") | P13: =--AND(C13=0,N13="Sí") | Q13: =--AND(C13=1,N13="No") | R13: =--AND(C13=0,N13="No") | S13: =--(C13=--(L13>=M13)) | T13: =O13*60000-P13*3000
A14: =Datos!A14 | B14: =Datos!B14 | C14: =Datos!D14 | D14: 14 | E14: =IF(Datos!$G$14<=Bosque!$E$4,IF(Datos!$H$14<=Bosque!$E$5,Bosque!$M$6,Bosque!$M$7),IF(Datos!$G$14<=Bosque!$E$8,Bosque!$M$9,Bosque!$M$10)) | F14: =IF(Datos!$H$14<=Bosque!$E$11,IF(Datos!$E$14<=Bosque!$E$12,Bosque!$M$13,Bosque!$M$14),IF(Datos!$I$14<=Bosque!$E$15,Bosque!$M$16,Bosque!$M$17)) | G14: =IF(Datos!$E$14<=Bosque!$E$18,IF(Datos!$I$14<=Bosque!$E$19,Bosque!$M$20,Bosque!$M$21),Bosque!$M$22) | H14: =IF(Datos!$E$14<=Bosque!$E$23,IF(Datos!$E$14<=Bosque!$E$24,Bosque!$M$25,Bosque!$M$26),IF(Datos!$E$14<=Bosque!$E$27,Bosque!$M$28,Bosque!$M$29)) | I14: =IF(Datos!$G$14<=Bosque!$E$30,IF(Datos!$E$14<=Bosque!$E$31,Bosque!$M$32,Bosque!$M$33),IF(Datos!$E$14<=Bosque!$E$34,Bosque!$M$35,Bosque!$M$36)) | J14: =IF(Datos!$I$14<=Bosque!$E$37,IF(Datos!$H$14<=Bosque!$E$38,Bosque!$M$39,Bosque!$M$40),IF(Datos!$F$14<=Bosque!$E$41,Bosque!$M$42,Bosque!$M$43)) | K14: =IF(Datos!$G$14<=Bosque!$E$44,IF(Datos!$H$14<=Bosque!$E$45,Bosque!$M$46,Bosque!$M$47),IF(Datos!$F$14<=Bosque!$E$48,Bosque!$M$49,Bosque!$M$50)) | L14: =AVERAGE(E14:K14) | M14: =$M$2 | N14: =IF(L14>=M14,"Sí","No") | O14: =--AND(C14=1,N14="Sí") | P14: =--AND(C14=0,N14="Sí") | Q14: =--AND(C14=1,N14="No") | R14: =--AND(C14=0,N14="No") | S14: =--(C14=--(L14>=M14)) | T14: =O14*60000-P14*3000
A15: =Datos!A15 | B15: =Datos!B15 | C15: =Datos!D15 | D15: 15 | E15: =IF(Datos!$G$15<=Bosque!$E$4,IF(Datos!$H$15<=Bosque!$E$5,Bosque!$M$6,Bosque!$M$7),IF(Datos!$G$15<=Bosque!$E$8,Bosque!$M$9,Bosque!$M$10)) | F15: =IF(Datos!$H$15<=Bosque!$E$11,IF(Datos!$E$15<=Bosque!$E$12,Bosque!$M$13,Bosque!$M$14),IF(Datos!$I$15<=Bosque!$E$15,Bosque!$M$16,Bosque!$M$17)) | G15: =IF(Datos!$E$15<=Bosque!$E$18,IF(Datos!$I$15<=Bosque!$E$19,Bosque!$M$20,Bosque!$M$21),Bosque!$M$22) | H15: =IF(Datos!$E$15<=Bosque!$E$23,IF(Datos!$E$15<=Bosque!$E$24,Bosque!$M$25,Bosque!$M$26),IF(Datos!$E$15<=Bosque!$E$27,Bosque!$M$28,Bosque!$M$29)) | I15: =IF(Datos!$G$15<=Bosque!$E$30,IF(Datos!$E$15<=Bosque!$E$31,Bosque!$M$32,Bosque!$M$33),IF(Datos!$E$15<=Bosque!$E$34,Bosque!$M$35,Bosque!$M$36)) | J15: =IF(Datos!$I$15<=Bosque!$E$37,IF(Datos!$H$15<=Bosque!$E$38,Bosque!$M$39,Bosque!$M$40),IF(Datos!$F$15<=Bosque!$E$41,Bosque!$M$42,Bosque!$M$43)) | K15: =IF(Datos!$G$15<=Bosque!$E$44,IF(Datos!$H$15<=Bosque!$E$45,Bosque!$M$46,Bosque!$M$47),IF(Datos!$F$15<=Bosque!$E$48,Bosque!$M$49,Bosque!$M$50)) | L15: =AVERAGE(E15:K15) | M15: =$M$2 | N15: =IF(L15>=M15,"Sí","No") | O15: =--AND(C15=1,N15="Sí") | P15: =--AND(C15=0,N15="Sí") | Q15: =--AND(C15=1,N15="No") | R15: =--AND(C15=0,N15="No") | S15: =--(C15=--(L15>=M15)) | T15: =O15*60000-P15*3000
A16: =Datos!A16 | B16: =Datos!B16 | C16: =Datos!D16 | D16: 16 | E16: =IF(Datos!$G$16<=Bosque!$E$4,IF(Datos!$H$16<=Bosque!$E$5,Bosque!$M$6,Bosque!$M$7),IF(Datos!$G$16<=Bosque!$E$8,Bosque!$M$9,Bosque!$M$10)) | F16: =IF(Datos!$H$16<=Bosque!$E$11,IF(Datos!$E$16<=Bosque!$E$12,Bosque!$M$13,Bosque!$M$14),IF(Datos!$I$16<=Bosque!$E$15,Bosque!$M$16,Bosque!$M$17)) | G16: =IF(Datos!$E$16<=Bosque!$E$18,IF(Datos!$I$16<=Bosque!$E$19,Bosque!$M$20,Bosque!$M$21),Bosque!$M$22) | H16: =IF(Datos!$E$16<=Bosque!$E$23,IF(Datos!$E$16<=Bosque!$E$24,Bosque!$M$25,Bosque!$M$26),IF(Datos!$E$16<=Bosque!$E$27,Bosque!$M$28,Bosque!$M$29)) | I16: =IF(Datos!$G$16<=Bosque!$E$30,IF(Datos!$E$16<=Bosque!$E$31,Bosque!$M$32,Bosque!$M$33),IF(Datos!$E$16<=Bosque!$E$34,Bosque!$M$35,Bosque!$M$36)) | J16: =IF(Datos!$I$16<=Bosque!$E$37,IF(Datos!$H$16<=Bosque!$E$38,Bosque!$M$39,Bosque!$M$40),IF(Datos!$F$16<=Bosque!$E$41,Bosque!$M$42,Bosque!$M$43)) | K16: =IF(Datos!$G$16<=Bosque!$E$44,IF(Datos!$H$16<=Bosque!$E$45,Bosque!$M$46,Bosque!$M$47),IF(Datos!$F$16<=Bosque!$E$48,Bosque!$M$49,Bosque!$M$50)) | L16: =AVERAGE(E16:K16) | M16: =$M$2 | N16: =IF(L16>=M16,"Sí","No") | O16: =--AND(C16=1,N16="Sí") | P16: =--AND(C16=0,N16="Sí") | Q16: =--AND(C16=1,N16="No") | R16: =--AND(C16=0,N16="No") | S16: =--(C16=--(L16>=M16)) | T16: =O16*60000-P16*3000
A17: =Datos!A17 | B17: =Datos!B17 | C17: =Datos!D17 | D17: 17 | E17: =IF(Datos!$G$17<=Bosque!$E$4,IF(Datos!$H$17<=Bosque!$E$5,Bosque!$M$6,Bosque!$M$7),IF(Datos!$G$17<=Bosque!$E$8,Bosque!$M$9,Bosque!$M$10)) | F17: =IF(Datos!$H$17<=Bosque!$E$11,IF(Datos!$E$17<=Bosque!$E$12,Bosque!$M$13,Bosque!$M$14),IF(Datos!$I$17<=Bosque!$E$15,Bosque!$M$16,Bosque!$M$17)) | G17: =IF(Datos!$E$17<=Bosque!$E$18,IF(Datos!$I$17<=Bosque!$E$19,Bosque!$M$20,Bosque!$M$21),Bosque!$M$22) | H17: =IF(Datos!$E$17<=Bosque!$E$23,IF(Datos!$E$17<=Bosque!$E$24,Bosque!$M$25,Bosque!$M$26),IF(Datos!$E$17<=Bosque!$E$27,Bosque!$M$28,Bosque!$M$29)) | I17: =IF(Datos!$G$17<=Bosque!$E$30,IF(Datos!$E$17<=Bosque!$E$31,Bosque!$M$32,Bosque!$M$33),IF(Datos!$E$17<=Bosque!$E$34,Bosque!$M$35,Bosque!$M$36)) | J17: =IF(Datos!$I$17<=Bosque!$E$37,IF(Datos!$H$17<=Bosque!$E$38,Bosque!$M$39,Bosque!$M$40),IF(Datos!$F$17<=Bosque!$E$41,Bosque!$M$42,Bosque!$M$43)) | K17: =IF(Datos!$G$17<=Bosque!$E$44,IF(Datos!$H$17<=Bosque!$E$45,Bosque!$M$46,Bosque!$M$47),IF(Datos!$F$17<=Bosque!$E$48,Bosque!$M$49,Bosque!$M$50)) | L17: =AVERAGE(E17:K17) | M17: =$M$2 | N17: =IF(L17>=M17,"Sí","No") | O17: =--AND(C17=1,N17="Sí") | P17: =--AND(C17=0,N17="Sí") | Q17: =--AND(C17=1,N17="No") | R17: =--AND(C17=0,N17="No") | S17: =--(C17=--(L17>=M17)) | T17: =O17*60000-P17*3000
A18: =Datos!A18 | B18: =Datos!B18 | C18: =Datos!D18 | D18: 18 | E18: =IF(Datos!$G$18<=Bosque!$E$4,IF(Datos!$H$18<=Bosque!$E$5,Bosque!$M$6,Bosque!$M$7),IF(Datos!$G$18<=Bosque!$E$8,Bosque!$M$9,Bosque!$M$10)) | F18: =IF(Datos!$H$18<=Bosque!$E$11,IF(Datos!$E$18<=Bosque!$E$12,Bosque!$M$13,Bosque!$M$14),IF(Datos!$I$18<=Bosque!$E$15,Bosque!$M$16,Bosque!$M$17)) | G18: =IF(Datos!$E$18<=Bosque!$E$18,IF(Datos!$I$18<=Bosque!$E$19,Bosque!$M$20,Bosque!$M$21),Bosque!$M$22) | H18: =IF(Datos!$E$18<=Bosque!$E$23,IF(Datos!$E$18<=Bosque!$E$24,Bosque!$M$25,Bosque!$M$26),IF(Datos!$E$18<=Bosque!$E$27,Bosque!$M$28,Bosque!$M$29)) | I18: =IF(Datos!$G$18<=Bosque!$E$30,IF(Datos!$E$18<=Bosque!$E$31,Bosque!$M$32,Bosque!$M$33),IF(Datos!$E$18<=Bosque!$E$34,Bosque!$M$35,Bosque!$M$36)) | J18: =IF(Datos!$I$18<=Bosque!$E$37,IF(Datos!$H$18<=Bosque!$E$38,Bosque!$M$39,Bosque!$M$40),IF(Datos!$F$18<=Bosque!$E$41,Bosque!$M$42,Bosque!$M$43)) | K18: =IF(Datos!$G$18<=Bosque!$E$44,IF(Datos!$H$18<=Bosque!$E$45,Bosque!$M$46,Bosque!$M$47),IF(Datos!$F$18<=Bosque!$E$48,Bosque!$M$49,Bosque!$M$50)) | L18: =AVERAGE(E18:K18) | M18: =$M$2 | N18: =IF(L18>=M18,"Sí","No") | O18: =--AND(C18=1,N18="Sí") | P18: =--AND(C18=0,N18="Sí") | Q18: =--AND(C18=1,N18="No") | R18: =--AND(C18=0,N18="No") | S18: =--(C18=--(L18>=M18)) | T18: =O18*60000-P18*3000
A19: =Datos!A19 | B19: =Datos!B19 | C19: =Datos!D19 | D19: 19 | E19: =IF(Datos!$G$19<=Bosque!$E$4,IF(Datos!$H$19<=Bosque!$E$5,Bosque!$M$6,Bosque!$M$7),IF(Datos!$G$19<=Bosque!$E$8,Bosque!$M$9,Bosque!$M$10)) | F19: =IF(Datos!$H$19<=Bosque!$E$11,IF(Datos!$E$19<=Bosque!$E$12,Bosque!$M$13,Bosque!$M$14),IF(Datos!$I$19<=Bosque!$E$15,Bosque!$M$16,Bosque!$M$17)) | G19: =IF(Datos!$E$19<=Bosque!$E$18,IF(Datos!$I$19<=Bosque!$E$19,Bosque!$M$20,Bosque!$M$21),Bosque!$M$22) | H19: =IF(Datos!$E$19<=Bosque!$E$23,IF(Datos!$E$19<=Bosque!$E$24,Bosque!$M$25,Bosque!$M$26),IF(Datos!$E$19<=Bosque!$E$27,Bosque!$M$28,Bosque!$M$29)) | I19: =IF(Datos!$G$19<=Bosque!$E$30,IF(Datos!$E$19<=Bosque!$E$31,Bosque!$M$32,Bosque!$M$33),IF(Datos!$E$19<=Bosque!$E$34,Bosque!$M$35,Bosque!$M$36)) | J19: =IF(Datos!$I$19<=Bosque!$E$37,IF(Datos!$H$19<=Bosque!$E$38,Bosque!$M$39,Bosque!$M$40),IF(Datos!$F$19<=Bosque!$E$41,Bosque!$M$42,Bosque!$M$43)) | K19: =IF(Datos!$G$19<=Bosque!$E$44,IF(Datos!$H$19<=Bosque!$E$45,Bosque!$M$46,Bosque!$M$47),IF(Datos!$F$19<=Bosque!$E$48,Bosque!$M$49,Bosque!$M$50)) | L19: =AVERAGE(E19:K19) | M19: =$M$2 | N19: =IF(L19>=M19,"Sí","No") | O19: =--AND(C19=1,N19="Sí") | P19: =--AND(C19=0,N19="Sí") | Q19: =--AND(C19=1,N19="No") | R19: =--AND(C19=0,N19="No") | S19: =--(C19=--(L19>=M19)) | T19: =O19*60000-P19*3000
A20: =Datos!A20 | B20: =Datos!B20 | C20: =Datos!D20 | D20: 20 | E20: =IF(Datos!$G$20<=Bosque!$E$4,IF(Datos!$H$20<=Bosque!$E$5,Bosque!$M$6,Bosque!$M$7),IF(Datos!$G$20<=Bosque!$E$8,Bosque!$M$9,Bosque!$M$10)) | F20: =IF(Datos!$H$20<=Bosque!$E$11,IF(Datos!$E$20<=Bosque!$E$12,Bosque!$M$13,Bosque!$M$14),IF(Datos!$I$20<=Bosque!$E$15,Bosque!$M$16,Bosque!$M$17)) | G20: =IF(Datos!$E$20<=Bosque!$E$18,IF(Datos!$I$20<=Bosque!$E$19,Bosque!$M$20,Bosque!$M$21),Bosque!$M$22) | H20: =IF(Datos!$E$20<=Bosque!$E$23,IF(Datos!$E$20<=Bosque!$E$24,Bosque!$M$25,Bosque!$M$26),IF(Datos!$E$20<=Bosque!$E$27,Bosque!$M$28,Bosque!$M$29)) | I20: =IF(Datos!$G$20<=Bosque!$E$30,IF(Datos!$E$20<=Bosque!$E$31,Bosque!$M$32,Bosque!$M$33),IF(Datos!$E$20<=Bosque!$E$34,Bosque!$M$35,Bosque!$M$36)) | J20: =IF(Datos!$I$20<=Bosque!$E$37,IF(Datos!$H$20<=Bosque!$E$38,Bosque!$M$39,Bosque!$M$40),IF(Datos!$F$20<=Bosque!$E$41,Bosque!$M$42,Bosque!$M$43)) | K20: =IF(Datos!$G$20<=Bosque!$E$44,IF(Datos!$H$20<=Bosque!$E$45,Bosque!$M$46,Bosque!$M$47),IF(Datos!$F$20<=Bosque!$E$48,Bosque!$M$49,Bosque!$M$50)) | L20: =AVERAGE(E20:K20) | M20: =$M$2 | N20: =IF(L20>=M20,"Sí","No") | O20: =--AND(C20=1,N20="Sí") | P20: =--AND(C20=0,N20="Sí") | Q20: =--AND(C20=1,N20="No") | R20: =--AND(C20=0,N20="No") | S20: =--(C20=--(L20>=M20)) | T20: =O20*60000-P20*3000
A21: =Datos!A21 | B21: =Datos!B21 | C21: =Datos!D21 | D21: 21 | E21: =IF(Datos!$G$21<=Bosque!$E$4,IF(Datos!$H$21<=Bosque!$E$5,Bosque!$M$6,Bosque!$M$7),IF(Datos!$G$21<=Bosque!$E$8,Bosque!$M$9,Bosque!$M$10)) | F21: =IF(Datos!$H$21<=Bosque!$E$11,IF(Datos!$E$21<=Bosque!$E$12,Bosque!$M$13,Bosque!$M$14),IF(Datos!$I$21<=Bosque!$E$15,Bosque!$M$16,Bosque!$M$17)) | G21: =IF(Datos!$E$21<=Bosque!$E$18,IF(Datos!$I$21<=Bosque!$E$19,Bosque!$M$20,Bosque!$M$21),Bosque!$M$22) | H21: =IF(Datos!$E$21<=Bosque!$E$23,IF(Datos!$E$21<=Bosque!$E$24,Bosque!$M$25,Bosque!$M$26),IF(Datos!$E$21<=Bosque!$E$27,Bosque!$M$28,Bosque!$M$29)) | I21: =IF(Datos!$G$21<=Bosque!$E$30,IF(Datos!$E$21<=Bosque!$E$31,Bosque!$M$32,Bosque!$M$33),IF(Datos!$E$21<=Bosque!$E$34,Bosque!$M$35,Bosque!$M$36)) | J21: =IF(Datos!$I$21<=Bosque!$E$37,IF(Datos!$H$21<=Bosque!$E$38,Bosque!$M$39,Bosque!$M$40),IF(Datos!$F$21<=Bosque!$E$41,Bosque!$M$42,Bosque!$M$43)) | K21: =IF(Datos!$G$21<=Bosque!$E$44,IF(Datos!$H$21<=Bosque!$E$45,Bosque!$M$46,Bosque!$M$47),IF(Datos!$F$21<=Bosque!$E$48,Bosque!$M$49,Bosque!$M$50)) | L21: =AVERAGE(E21:K21) | M21: =$M$2 | N21: =IF(L21>=M21,"Sí","No") | O21: =--AND(C21=1,N21="Sí") | P21: =--AND(C21=0,N21="Sí") | Q21: =--AND(C21=1,N21="No") | R21: =--AND(C21=0,N21="No") | S21: =--(C21=--(L21>=M21)) | T21: =O21*60000-P21*3000
A22: =Datos!A22 | B22: =Datos!B22 | C22: =Datos!D22 | D22: 22 | E22: =IF(Datos!$G$22<=Bosque!$E$4,IF(Datos!$H$22<=Bosque!$E$5,Bosque!$M$6,Bosque!$M$7),IF(Datos!$G$22<=Bosque!$E$8,Bosque!$M$9,Bosque!$M$10)) | F22: =IF(Datos!$H$22<=Bosque!$E$11,IF(Datos!$E$22<=Bosque!$E$12,Bosque!$M$13,Bosque!$M$14),IF(Datos!$I$22<=Bosque!$E$15,Bosque!$M$16,Bosque!$M$17)) | G22: =IF(Datos!$E$22<=Bosque!$E$18,IF(Datos!$I$22<=Bosque!$E$19,Bosque!$M$20,Bosque!$M$21),Bosque!$M$22) | H22: =IF(Datos!$E$22<=Bosque!$E$23,IF(Datos!$E$22<=Bosque!$E$24,Bosque!$M$25,Bosque!$M$26),IF(Datos!$E$22<=Bosque!$E$27,Bosque!$M$28,Bosque!$M$29)) | I22: =IF(Datos!$G$22<=Bosque!$E$30,IF(Datos!$E$22<=Bosque!$E$31,Bosque!$M$32,Bosque!$M$33),IF(Datos!$E$22<=Bosque!$E$34,Bosque!$M$35,Bosque!$M$36)) | J22: =IF(Datos!$I$22<=Bosque!$E$37,IF(Datos!$H$22<=Bosque!$E$38,Bosque!$M$39,Bosque!$M$40),IF(Datos!$F$22<=Bosque!$E$41,Bosque!$M$42,Bosque!$M$43)) | K22: =IF(Datos!$G$22<=Bosque!$E$44,IF(Datos!$H$22<=Bosque!$E$45,Bosque!$M$46,Bosque!$M$47),IF(Datos!$F$22<=Bosque!$E$48,Bosque!$M$49,Bosque!$M$50)) | L22: =AVERAGE(E22:K22) | M22: =$M$2 | N22: =IF(L22>=M22,"Sí","No") | O22: =--AND(C22=1,N22="Sí") | P22: =--AND(C22=0,N22="Sí") | Q22: =--AND(C22=1,N22="No") | R22: =--AND(C22=0,N22="No") | S22: =--(C22=--(L22>=M22)) | T22: =O22*60000-P22*3000
A23: =Datos!A23 | B23: =Datos!B23 | C23: =Datos!D23 | D23: 23 | E23: =IF(Datos!$G$23<=Bosque!$E$4,IF(Datos!$H$23<=Bosque!$E$5,Bosque!$M$6,Bosque!$M$7),IF(Datos!$G$23<=Bosque!$E$8,Bosque!$M$9,Bosque!$M$10)) | F23: =IF(Datos!$H$23<=Bosque!$E$11,IF(Datos!$E$23<=Bosque!$E$12,Bosque!$M$13,Bosque!$M$14),IF(Datos!$I$23<=Bosque!$E$15,Bosque!$M$16,Bosque!$M$17)) | G23: =IF(Datos!$E$23<=Bosque!$E$18,IF(Datos!$I$23<=Bosque!$E$19,Bosque!$M$20,Bosque!$M$21),Bosque!$M$22) | H23: =IF(Datos!$E$23<=Bosque!$E$23,IF(Datos!$E$23<=Bosque!$E$24,Bosque!$M$25,Bosque!$M$26),IF(Datos!$E$23<=Bosque!$E$27,Bosque!$M$28,Bosque!$M$29)) | I23: =IF(Datos!$G$23<=Bosque!$E$30,IF(Datos!$E$23<=Bosque!$E$31,Bosque!$M$32,Bosque!$M$33),IF(Datos!$E$23<=Bosque!$E$34,Bosque!$M$35,Bosque!$M$36)) | J23: =IF(Datos!$I$23<=Bosque!$E$37,IF(Datos!$H$23<=Bosque!$E$38,Bosque!$M$39,Bosque!$M$40),IF(Datos!$F$23<=Bosque!$E$41,Bosque!$M$42,Bosque!$M$43)) | K23: =IF(Datos!$G$23<=Bosque!$E$44,IF(Datos!$H$23<=Bosque!$E$45,Bosque!$M$46,Bosque!$M$47),IF(Datos!$F$23<=Bosque!$E$48,Bosque!$M$49,Bosque!$M$50)) | L23: =AVERAGE(E23:K23) | M23: =$M$2 | N23: =IF(L23>=M23,"Sí","No") | O23: =--AND(C23=1,N23="Sí") | P23: =--AND(C23=0,N23="Sí") | Q23: =--AND(C23=1,N23="No") | R23: =--AND(C23=0,N23="No") | S23: =--(C23=--(L23>=M23)) | T23: =O23*60000-P23*3000
A24: =Datos!A24 | B24: =Datos!B24 | C24: =Datos!D24 | D24: 24 | E24: =IF(Datos!$G$24<=Bosque!$E$4,IF(Datos!$H$24<=Bosque!$E$5,Bosque!$M$6,Bosque!$M$7),IF(Datos!$G$24<=Bosque!$E$8,Bosque!$M$9,Bosque!$M$10)) | F24: =IF(Datos!$H$24<=Bosque!$E$11,IF(Datos!$E$24<=Bosque!$E$12,Bosque!$M$13,Bosque!$M$14),IF(Datos!$I$24<=Bosque!$E$15,Bosque!$M$16,Bosque!$M$17)) | G24: =IF(Datos!$E$24<=Bosque!$E$18,IF(Datos!$I$24<=Bosque!$E$19,Bosque!$M$20,Bosque!$M$21),Bosque!$M$22) | H24: =IF(Datos!$E$24<=Bosque!$E$23,IF(Datos!$E$24<=Bosque!$E$24,Bosque!$M$25,Bosque!$M$26),IF(Datos!$E$24<=Bosque!$E$27,Bosque!$M$28,Bosque!$M$29)) | I24: =IF(Datos!$G$24<=Bosque!$E$30,IF(Datos!$E$24<=Bosque!$E$31,Bosque!$M$32,Bosque!$M$33),IF(Datos!$E$24<=Bosque!$E$34,Bosque!$M$35,Bosque!$M$36)) | J24: =IF(Datos!$I$24<=Bosque!$E$37,IF(Datos!$H$24<=Bosque!$E$38,Bosque!$M$39,Bosque!$M$40),IF(Datos!$F$24<=Bosque!$E$41,Bosque!$M$42,Bosque!$M$43)) | K24: =IF(Datos!$G$24<=Bosque!$E$44,IF(Datos!$H$24<=Bosque!$E$45,Bosque!$M$46,Bosque!$M$47),IF(Datos!$F$24<=Bosque!$E$48,Bosque!$M$49,Bosque!$M$50)) | L24: =AVERAGE(E24:K24) | M24: =$M$2 | N24: =IF(L24>=M24,"Sí","No") | O24: =--AND(C24=1,N24="Sí") | P24: =--AND(C24=0,N24="Sí") | Q24: =--AND(C24=1,N24="No") | R24: =--AND(C24=0,N24="No") | S24: =--(C24=--(L24>=M24)) | T24: =O24*60000-P24*3000
A25: =Datos!A25 | B25: =Datos!B25 | C25: =Datos!D25 | D25: 25 | E25: =IF(Datos!$G$25<=Bosque!$E$4,IF(Datos!$H$25<=Bosque!$E$5,Bosque!$M$6,Bosque!$M$7),IF(Datos!$G$25<=Bosque!$E$8,Bosque!$M$9,Bosque!$M$10)) | F25: =IF(Datos!$H$25<=Bosque!$E$11,IF(Datos!$E$25<=Bosque!$E$12,Bosque!$M$13,Bosque!$M$14),IF(Datos!$I$25<=Bosque!$E$15,Bosque!$M$16,Bosque!$M$17)) | G25: =IF(Datos!$E$25<=Bosque!$E$18,IF(Datos!$I$25<=Bosque!$E$19,Bosque!$M$20,Bosque!$M$21),Bosque!$M$22) | H25: =IF(Datos!$E$25<=Bosque!$E$23,IF(Datos!$E$25<=Bosque!$E$24,Bosque!$M$25,Bosque!$M$26),IF(Datos!$E$25<=Bosque!$E$27,Bosque!$M$28,Bosque!$M$29)) | I25: =IF(Datos!$G$25<=Bosque!$E$30,IF(Datos!$E$25<=Bosque!$E$31,Bosque!$M$32,Bosque!$M$33),IF(Datos!$E$25<=Bosque!$E$34,Bosque!$M$35,Bosque!$M$36)) | J25: =IF(Datos!$I$25<=Bosque!$E$37,IF(Datos!$H$25<=Bosque!$E$38,Bosque!$M$39,Bosque!$M$40),IF(Datos!$F$25<=Bosque!$E$41,Bosque!$M$42,Bosque!$M$43)) | K25: =IF(Datos!$G$25<=Bosque!$E$44,IF(Datos!$H$25<=Bosque!$E$45,Bosque!$M$46,Bosque!$M$47),IF(Datos!$F$25<=Bosque!$E$48,Bosque!$M$49,Bosque!$M$50)) | L25: =AVERAGE(E25:K25) | M25: =$M$2 | N25: =IF(L25>=M25,"Sí","No") | O25: =--AND(C25=1,N25="Sí") | P25: =--AND(C25=0,N25="Sí") | Q25: =--AND(C25=1,N25="No") | R25: =--AND(C25=0,N25="No") | S25: =--(C25=--(L25>=M25)) | T25: =O25*60000-P25*3000
A26: =Datos!A26 | B26: =Datos!B26 | C26: =Datos!D26 | D26: 26 | E26: =IF(Datos!$G$26<=Bosque!$E$4,IF(Datos!$H$26<=Bosque!$E$5,Bosque!$M$6,Bosque!$M$7),IF(Datos!$G$26<=Bosque!$E$8,Bosque!$M$9,Bosque!$M$10)) | F26: =IF(Datos!$H$26<=Bosque!$E$11,IF(Datos!$E$26<=Bosque!$E$12,Bosque!$M$13,Bosque!$M$14),IF(Datos!$I$26<=Bosque!$E$15,Bosque!$M$16,Bosque!$M$17)) | G26: =IF(Datos!$E$26<=Bosque!$E$18,IF(Datos!$I$26<=Bosque!$E$19,Bosque!$M$20,Bosque!$M$21),Bosque!$M$22) | H26: =IF(Datos!$E$26<=Bosque!$E$23,IF(Datos!$E$26<=Bosque!$E$24,Bosque!$M$25,Bosque!$M$26),IF(Datos!$E$26<=Bosque!$E$27,Bosque!$M$28,Bosque!$M$29)) | I26: =IF(Datos!$G$26<=Bosque!$E$30,IF(Datos!$E$26<=Bosque!$E$31,Bosque!$M$32,Bosque!$M$33),IF(Datos!$E$26<=Bosque!$E$34,Bosque!$M$35,Bosque!$M$36)) | J26: =IF(Datos!$I$26<=Bosque!$E$37,IF(Datos!$H$26<=Bosque!$E$38,Bosque!$M$39,Bosque!$M$40),IF(Datos!$F$26<=Bosque!$E$41,Bosque!$M$42,Bosque!$M$43)) | K26: =IF(Datos!$G$26<=Bosque!$E$44,IF(Datos!$H$26<=Bosque!$E$45,Bosque!$M$46,Bosque!$M$47),IF(Datos!$F$26<=Bosque!$E$48,Bosque!$M$49,Bosque!$M$50)) | L26: =AVERAGE(E26:K26) | M26: =$M$2 | N26: =IF(L26>=M26,"Sí","No") | O26: =--AND(C26=1,N26="Sí") | P26: =--AND(C26=0,N26="Sí") | Q26: =--AND(C26=1,N26="No") | R26: =--AND(C26=0,N26="No") | S26: =--(C26=--(L26>=M26)) | T26: =O26*60000-P26*3000
A27: =Datos!A27 | B27: =Datos!B27 | C27: =Datos!D27 | D27: 27 | E27: =IF(Datos!$G$27<=Bosque!$E$4,IF(Datos!$H$27<=Bosque!$E$5,Bosque!$M$6,Bosque!$M$7),IF(Datos!$G$27<=Bosque!$E$8,Bosque!$M$9,Bosque!$M$10)) | F27: =IF(Datos!$H$27<=Bosque!$E$11,IF(Datos!$E$27<=Bosque!$E$12,Bosque!$M$13,Bosque!$M$14),IF(Datos!$I$27<=Bosque!$E$15,Bosque!$M$16,Bosque!$M$17)) | G27: =IF(Datos!$E$27<=Bosque!$E$18,IF(Datos!$I$27<=Bosque!$E$19,Bosque!$M$20,Bosque!$M$21),Bosque!$M$22) | H27: =IF(Datos!$E$27<=Bosque!$E$23,IF(Datos!$E$27<=Bosque!$E$24,Bosque!$M$25,Bosque!$M$26),IF(Datos!$E$27<=Bosque!$E$27,Bosque!$M$28,Bosque!$M$29)) | I27: =IF(Datos!$G$27<=Bosque!$E$30,IF(Datos!$E$27<=Bosque!$E$31,Bosque!$M$32,Bosque!$M$33),IF(Datos!$E$27<=Bosque!$E$34,Bosque!$M$35,Bosque!$M$36)) | J27: =IF(Datos!$I$27<=Bosque!$E$37,IF(Datos!$H$27<=Bosque!$E$38,Bosque!$M$39,Bosque!$M$40),IF(Datos!$F$27<=Bosque!$E$41,Bosque!$M$42,Bosque!$M$43)) | K27: =IF(Datos!$G$27<=Bosque!$E$44,IF(Datos!$H$27<=Bosque!$E$45,Bosque!$M$46,Bosque!$M$47),IF(Datos!$F$27<=Bosque!$E$48,Bosque!$M$49,Bosque!$M$50)) | L27: =AVERAGE(E27:K27) | M27: =$M$2 | N27: =IF(L27>=M27,"Sí","No") | O27: =--AND(C27=1,N27="Sí") | P27: =--AND(C27=0,N27="Sí") | Q27: =--AND(C27=1,N27="No") | R27: =--AND(C27=0,N27="No") | S27: =--(C27=--(L27>=M27)) | T27: =O27*60000-P27*3000
A28: =Datos!A28 | B28: =Datos!B28 | C28: =Datos!D28 | D28: 28 | E28: =IF(Datos!$G$28<=Bosque!$E$4,IF(Datos!$H$28<=Bosque!$E$5,Bosque!$M$6,Bosque!$M$7),IF(Datos!$G$28<=Bosque!$E$8,Bosque!$M$9,Bosque!$M$10)) | F28: =IF(Datos!$H$28<=Bosque!$E$11,IF(Datos!$E$28<=Bosque!$E$12,Bosque!$M$13,Bosque!$M$14),IF(Datos!$I$28<=Bosque!$E$15,Bosque!$M$16,Bosque!$M$17)) | G28: =IF(Datos!$E$28<=Bosque!$E$18,IF(Datos!$I$28<=Bosque!$E$19,Bosque!$M$20,Bosque!$M$21),Bosque!$M$22) | H28: =IF(Datos!$E$28<=Bosque!$E$23,IF(Datos!$E$28<=Bosque!$E$24,Bosque!$M$25,Bosque!$M$26),IF(Datos!$E$28<=Bosque!$E$27,Bosque!$M$28,Bosque!$M$29)) | I28: =IF(Datos!$G$28<=Bosque!$E$30,IF(Datos!$E$28<=Bosque!$E$31,Bosque!$M$32,Bosque!$M$33),IF(Datos!$E$28<=Bosque!$E$34,Bosque!$M$35,Bosque!$M$36)) | J28: =IF(Datos!$I$28<=Bosque!$E$37,IF(Datos!$H$28<=Bosque!$E$38,Bosque!$M$39,Bosque!$M$40),IF(Datos!$F$28<=Bosque!$E$41,Bosque!$M$42,Bosque!$M$43)) | K28: =IF(Datos!$G$28<=Bosque!$E$44,IF(Datos!$H$28<=Bosque!$E$45,Bosque!$M$46,Bosque!$M$47),IF(Datos!$F$28<=Bosque!$E$48,Bosque!$M$49,Bosque!$M$50)) | L28: =AVERAGE(E28:K28) | M28: =$M$2 | N28: =IF(L28>=M28,"Sí","No") | O28: =--AND(C28=1,N28="Sí") | P28: =--AND(C28=0,N28="Sí") | Q28: =--AND(C28=1,N28="No") | R28: =--AND(C28=0,N28="No") | S28: =--(C28=--(L28>=M28)) | T28: =O28*60000-P28*3000
A29: =Datos!A29 | B29: =Datos!B29 | C29: =Datos!D29 | D29: 29 | E29: =IF(Datos!$G$29<=Bosque!$E$4,IF(Datos!$H$29<=Bosque!$E$5,Bosque!$M$6,Bosque!$M$7),IF(Datos!$G$29<=Bosque!$E$8,Bosque!$M$9,Bosque!$M$10)) | F29: =IF(Datos!$H$29<=Bosque!$E$11,IF(Datos!$E$29<=Bosque!$E$12,Bosque!$M$13,Bosque!$M$14),IF(Datos!$I$29<=Bosque!$E$15,Bosque!$M$16,Bosque!$M$17)) | G29: =IF(Datos!$E$29<=Bosque!$E$18,IF(Datos!$I$29<=Bosque!$E$19,Bosque!$M$20,Bosque!$M$21),Bosque!$M$22) | H29: =IF(Datos!$E$29<=Bosque!$E$23,IF(Datos!$E$29<=Bosque!$E$24,Bosque!$M$25,Bosque!$M$26),IF(Datos!$E$29<=Bosque!$E$27,Bosque!$M$28,Bosque!$M$29)) | I29: =IF(Datos!$G$29<=Bosque!$E$30,IF(Datos!$E$29<=Bosque!$E$31,Bosque!$M$32,Bosque!$M$33),IF(Datos!$E$29<=Bosque!$E$34,Bosque!$M$35,Bosque!$M$36)) | J29: =IF(Datos!$I$29<=Bosque!$E$37,IF(Datos!$H$29<=Bosque!$E$38,Bosque!$M$39,Bosque!$M$40),IF(Datos!$F$29<=Bosque!$E$41,Bosque!$M$42,Bosque!$M$43)) | K29: =IF(Datos!$G$29<=Bosque!$E$44,IF(Datos!$H$29<=Bosque!$E$45,Bosque!$M$46,Bosque!$M$47),IF(Datos!$F$29<=Bosque!$E$48,Bosque!$M$49,Bosque!$M$50)) | L29: =AVERAGE(E29:K29) | M29: =$M$2 | N29: =IF(L29>=M29,"Sí","No") | O29: =--AND(C29=1,N29="Sí") | P29: =--AND(C29=0,N29="Sí") | Q29: =--AND(C29=1,N29="No") | R29: =--AND(C29=0,N29="No") | S29: =--(C29=--(L29>=M29)) | T29: =O29*60000-P29*3000
A30: =Datos!A30 | B30: =Datos!B30 | C30: =Datos!D30 | D30: 30 | E30: =IF(Datos!$G$30<=Bosque!$E$4,IF(Datos!$H$30<=Bosque!$E$5,Bosque!$M$6,Bosque!$M$7),IF(Datos!$G$30<=Bosque!$E$8,Bosque!$M$9,Bosque!$M$10)) | F30: =IF(Datos!$H$30<=Bosque!$E$11,IF(Datos!$E$30<=Bosque!$E$12,Bosque!$M$13,Bosque!$M$14),IF(Datos!$I$30<=Bosque!$E$15,Bosque!$M$16,Bosque!$M$17)) | G30: =IF(Datos!$E$30<=Bosque!$E$18,IF(Datos!$I$30<=Bosque!$E$19,Bosque!$M$20,Bosque!$M$21),Bosque!$M$22) | H30: =IF(Datos!$E$30<=Bosque!$E$23,IF(Datos!$E$30<=Bosque!$E$24,Bosque!$M$25,Bosque!$M$26),IF(Datos!$E$30<=Bosque!$E$27,Bosque!$M$28,Bosque!$M$29)) | I30: =IF(Datos!$G$30<=Bosque!$E$30,IF(Datos!$E$30<=Bosque!$E$31,Bosque!$M$32,Bosque!$M$33),IF(Datos!$E$30<=Bosque!$E$34,Bosque!$M$35,Bosque!$M$36)) | J30: =IF(Datos!$I$30<=Bosque!$E$37,IF(Datos!$H$30<=Bosque!$E$38,Bosque!$M$39,Bosque!$M$40),IF(Datos!$F$30<=Bosque!$E$41,Bosque!$M$42,Bosque!$M$43)) | K30: =IF(Datos!$G$30<=Bosque!$E$44,IF(Datos!$H$30<=Bosque!$E$45,Bosque!$M$46,Bosque!$M$47),IF(Datos!$F$30<=Bosque!$E$48,Bosque!$M$49,Bosque!$M$50)) | L30: =AVERAGE(E30:K30) | M30: =$M$2 | N30: =IF(L30>=M30,"Sí","No") | O30: =--AND(C30=1,N30="Sí") | P30: =--AND(C30=0,N30="Sí") | Q30: =--AND(C30=1,N30="No") | R30: =--AND(C30=0,N30="No") | S30: =--(C30=--(L30>=M30)) | T30: =O30*60000-P30*3000
A31: =Datos!A31 | B31: =Datos!B31 | C31: =Datos!D31 | D31: 31 | E31: =IF(Datos!$G$31<=Bosque!$E$4,IF(Datos!$H$31<=Bosque!$E$5,Bosque!$M$6,Bosque!$M$7),IF(Datos!$G$31<=Bosque!$E$8,Bosque!$M$9,Bosque!$M$10)) | F31: =IF(Datos!$H$31<=Bosque!$E$11,IF(Datos!$E$31<=Bosque!$E$12,Bosque!$M$13,Bosque!$M$14),IF(Datos!$I$31<=Bosque!$E$15,Bosque!$M$16,Bosque!$M$17)) | G31: =IF(Datos!$E$31<=Bosque!$E$18,IF(Datos!$I$31<=Bosque!$E$19,Bosque!$M$20,Bosque!$M$21),Bosque!$M$22) | H31: =IF(Datos!$E$31<=Bosque!$E$23,IF(Datos!$E$31<=Bosque!$E$24,Bosque!$M$25,Bosque!$M$26),IF(Datos!$E$31<=Bosque!$E$27,Bosque!$M$28,Bosque!$M$29)) | I31: =IF(Datos!$G$31<=Bosque!$E$30,IF(Datos!$E$31<=Bosque!$E$31,Bosque!$M$32,Bosque!$M$33),IF(Datos!$E$31<=Bosque!$E$34,Bosque!$M$35,Bosque!$M$36)) | J31: =IF(Datos!$I$31<=Bosque!$E$37,IF(Datos!$H$31<=Bosque!$E$38,Bosque!$M$39,Bosque!$M$40),IF(Datos!$F$31<=Bosque!$E$41,Bosque!$M$42,Bosque!$M$43)) | K31: =IF(Datos!$G$31<=Bosque!$E$44,IF(Datos!$H$31<=Bosque!$E$45,Bosque!$M$46,Bosque!$M$47),IF(Datos!$F$31<=Bosque!$E$48,Bosque!$M$49,Bosque!$M$50)) | L31: =AVERAGE(E31:K31) | M31: =$M$2 | N31: =IF(L31>=M31,"Sí","No") | O31: =--AND(C31=1,N31="Sí") | P31: =--AND(C31=0,N31="Sí") | Q31: =--AND(C31=1,N31="No") | R31: =--AND(C31=0,N31="No") | S31: =--(C31=--(L31>=M31)) | T31: =O31*60000-P31*3000
A32: =Datos!A32 | B32: =Datos!B32 | C32: =Datos!D32 | D32: 32 | E32: =IF(Datos!$G$32<=Bosque!$E$4,IF(Datos!$H$32<=Bosque!$E$5,Bosque!$M$6,Bosque!$M$7),IF(Datos!$G$32<=Bosque!$E$8,Bosque!$M$9,Bosque!$M$10)) | F32: =IF(Datos!$H$32<=Bosque!$E$11,IF(Datos!$E$32<=Bosque!$E$12,Bosque!$M$13,Bosque!$M$14),IF(Datos!$I$32<=Bosque!$E$15,Bosque!$M$16,Bosque!$M$17)) | G32: =IF(Datos!$E$32<=Bosque!$E$18,IF(Datos!$I$32<=Bosque!$E$19,Bosque!$M$20,Bosque!$M$21),Bosque!$M$22) | H32: =IF(Datos!$E$32<=Bosque!$E$23,IF(Datos!$E$32<=Bosque!$E$24,Bosque!$M$25,Bosque!$M$26),IF(Datos!$E$32<=Bosque!$E$27,Bosque!$M$28,Bosque!$M$29)) | I32: =IF(Datos!$G$32<=Bosque!$E$30,IF(Datos!$E$32<=Bosque!$E$31,Bosque!$M$32,Bosque!$M$33),IF(Datos!$E$32<=Bosque!$E$34,Bosque!$M$35,Bosque!$M$36)) | J32: =IF(Datos!$I$32<=Bosque!$E$37,IF(Datos!$H$32<=Bosque!$E$38,Bosque!$M$39,Bosque!$M$40),IF(Datos!$F$32<=Bosque!$E$41,Bosque!$M$42,Bosque!$M$43)) | K32: =IF(Datos!$G$32<=Bosque!$E$44,IF(Datos!$H$32<=Bosque!$E$45,Bosque!$M$46,Bosque!$M$47),IF(Datos!$F$32<=Bosque!$E$48,Bosque!$M$49,Bosque!$M$50)) | L32: =AVERAGE(E32:K32) | M32: =$M$2 | N32: =IF(L32>=M32,"Sí","No") | O32: =--AND(C32=1,N32="Sí") | P32: =--AND(C32=0,N32="Sí") | Q32: =--AND(C32=1,N32="No") | R32: =--AND(C32=0,N32="No") | S32: =--(C32=--(L32>=M32)) | T32: =O32*60000-P32*3000
A33: =Datos!A33 | B33: =Datos!B33 | C33: =Datos!D33 | D33: 33 | E33: =IF(Datos!$G$33<=Bosque!$E$4,IF(Datos!$H$33<=Bosque!$E$5,Bosque!$M$6,Bosque!$M$7),IF(Datos!$G$33<=Bosque!$E$8,Bosque!$M$9,Bosque!$M$10)) | F33: =IF(Datos!$H$33<=Bosque!$E$11,IF(Datos!$E$33<=Bosque!$E$12,Bosque!$M$13,Bosque!$M$14),IF(Datos!$I$33<=Bosque!$E$15,Bosque!$M$16,Bosque!$M$17)) | G33: =IF(Datos!$E$33<=Bosque!$E$18,IF(Datos!$I$33<=Bosque!$E$19,Bosque!$M$20,Bosque!$M$21),Bosque!$M$22) | H33: =IF(Datos!$E$33<=Bosque!$E$23,IF(Datos!$E$33<=Bosque!$E$24,Bosque!$M$25,Bosque!$M$26),IF(Datos!$E$33<=Bosque!$E$27,Bosque!$M$28,Bosque!$M$29)) | I33: =IF(Datos!$G$33<=Bosque!$E$30,IF(Datos!$E$33<=Bosque!$E$31,Bosque!$M$32,Bosque!$M$33),IF(Datos!$E$33<=Bosque!$E$34,Bosque!$M$35,Bosque!$M$36)) | J33: =IF(Datos!$I$33<=Bosque!$E$37,IF(Datos!$H$33<=Bosque!$E$38,Bosque!$M$39,Bosque!$M$40),IF(Datos!$F$33<=Bosque!$E$41,Bosque!$M$42,Bosque!$M$43)) | K33: =IF(Datos!$G$33<=Bosque!$E$44,IF(Datos!$H$33<=Bosque!$E$45,Bosque!$M$46,Bosque!$M$47),IF(Datos!$F$33<=Bosque!$E$48,Bosque!$M$49,Bosque!$M$50)) | L33: =AVERAGE(E33:K33) | M33: =$M$2 | N33: =IF(L33>=M33,"Sí","No") | O33: =--AND(C33=1,N33="Sí") | P33: =--AND(C33=0,N33="Sí") | Q33: =--AND(C33=1,N33="No") | R33: =--AND(C33=0,N33="No") | S33: =--(C33=--(L33>=M33)) | T33: =O33*60000-P33*3000
A34: =Datos!A34 | B34: =Datos!B34 | C34: =Datos!D34 | D34: 34 | E34: =IF(Datos!$G$34<=Bosque!$E$4,IF(Datos!$H$34<=Bosque!$E$5,Bosque!$M$6,Bosque!$M$7),IF(Datos!$G$34<=Bosque!$E$8,Bosque!$M$9,Bosque!$M$10)) | F34: =IF(Datos!$H$34<=Bosque!$E$11,IF(Datos!$E$34<=Bosque!$E$12,Bosque!$M$13,Bosque!$M$14),IF(Datos!$I$34<=Bosque!$E$15,Bosque!$M$16,Bosque!$M$17)) | G34: =IF(Datos!$E$34<=Bosque!$E$18,IF(Datos!$I$34<=Bosque!$E$19,Bosque!$M$20,Bosque!$M$21),Bosque!$M$22) | H34: =IF(Datos!$E$34<=Bosque!$E$23,IF(Datos!$E$34<=Bosque!$E$24,Bosque!$M$25,Bosque!$M$26),IF(Datos!$E$34<=Bosque!$E$27,Bosque!$M$28,Bosque!$M$29)) | I34: =IF(Datos!$G$34<=Bosque!$E$30,IF(Datos!$E$34<=Bosque!$E$31,Bosque!$M$32,Bosque!$M$33),IF(Datos!$E$34<=Bosque!$E$34,Bosque!$M$35,Bosque!$M$36)) | J34: =IF(Datos!$I$34<=Bosque!$E$37,IF(Datos!$H$34<=Bosque!$E$38,Bosque!$M$39,Bosque!$M$40),IF(Datos!$F$34<=Bosque!$E$41,Bosque!$M$42,Bosque!$M$43)) | K34: =IF(Datos!$G$34<=Bosque!$E$44,IF(Datos!$H$34<=Bosque!$E$45,Bosque!$M$46,Bosque!$M$47),IF(Datos!$F$34<=Bosque!$E$48,Bosque!$M$49,Bosque!$M$50)) | L34: =AVERAGE(E34:K34) | M34: =$M$2 | N34: =IF(L34>=M34,"Sí","No") | O34: =--AND(C34=1,N34="Sí") | P34: =--AND(C34=0,N34="Sí") | Q34: =--AND(C34=1,N34="No") | R34: =--AND(C34=0,N34="No") | S34: =--(C34=--(L34>=M34)) | T34: =O34*60000-P34*3000
A35: =Datos!A35 | B35: =Datos!B35 | C35: =Datos!D35 | D35: 35 | E35: =IF(Datos!$G$35<=Bosque!$E$4,IF(Datos!$H$35<=Bosque!$E$5,Bosque!$M$6,Bosque!$M$7),IF(Datos!$G$35<=Bosque!$E$8,Bosque!$M$9,Bosque!$M$10)) | F35: =IF(Datos!$H$35<=Bosque!$E$11,IF(Datos!$E$35<=Bosque!$E$12,Bosque!$M$13,Bosque!$M$14),IF(Datos!$I$35<=Bosque!$E$15,Bosque!$M$16,Bosque!$M$17)) | G35: =IF(Datos!$E$35<=Bosque!$E$18,IF(Datos!$I$35<=Bosque!$E$19,Bosque!$M$20,Bosque!$M$21),Bosque!$M$22) | H35: =IF(Datos!$E$35<=Bosque!$E$23,IF(Datos!$E$35<=Bosque!$E$24,Bosque!$M$25,Bosque!$M$26),IF(Datos!$E$35<=Bosque!$E$27,Bosque!$M$28,Bosque!$M$29)) | I35: =IF(Datos!$G$35<=Bosque!$E$30,IF(Datos!$E$35<=Bosque!$E$31,Bosque!$M$32,Bosque!$M$33),IF(Datos!$E$35<=Bosque!$E$34,Bosque!$M$35,Bosque!$M$36)) | J35: =IF(Datos!$I$35<=Bosque!$E$37,IF(Datos!$H$35<=Bosque!$E$38,Bosque!$M$39,Bosque!$M$40),IF(Datos!$F$35<=Bosque!$E$41,Bosque!$M$42,Bosque!$M$43)) | K35: =IF(Datos!$G$35<=Bosque!$E$44,IF(Datos!$H$35<=Bosque!$E$45,Bosque!$M$46,Bosque!$M$47),IF(Datos!$F$35<=Bosque!$E$48,Bosque!$M$49,Bosque!$M$50)) | L35: =AVERAGE(E35:K35) | M35: =$M$2 | N35: =IF(L35>=M35,"Sí","No") | O35: =--AND(C35=1,N35="Sí") | P35: =--AND(C35=0,N35="Sí") | Q35: =--AND(C35=1,N35="No") | R35: =--AND(C35=0,N35="No") | S35: =--(C35=--(L35>=M35)) | T35: =O35*60000-P35*3000
A36: =Datos!A36 | B36: =Datos!B36 | C36: =Datos!D36 | D36: 36 | E36: =IF(Datos!$G$36<=Bosque!$E$4,IF(Datos!$H$36<=Bosque!$E$5,Bosque!$M$6,Bosque!$M$7),IF(Datos!$G$36<=Bosque!$E$8,Bosque!$M$9,Bosque!$M$10)) | F36: =IF(Datos!$H$36<=Bosque!$E$11,IF(Datos!$E$36<=Bosque!$E$12,Bosque!$M$13,Bosque!$M$14),IF(Datos!$I$36<=Bosque!$E$15,Bosque!$M$16,Bosque!$M$17)) | G36: =IF(Datos!$E$36<=Bosque!$E$18,IF(Datos!$I$36<=Bosque!$E$19,Bosque!$M$20,Bosque!$M$21),Bosque!$M$22) | H36: =IF(Datos!$E$36<=Bosque!$E$23,IF(Datos!$E$36<=Bosque!$E$24,Bosque!$M$25,Bosque!$M$26),IF(Datos!$E$36<=Bosque!$E$27,Bosque!$M$28,Bosque!$M$29)) | I36: =IF(Datos!$G$36<=Bosque!$E$30,IF(Datos!$E$36<=Bosque!$E$31,Bosque!$M$32,Bosque!$M$33),IF(Datos!$E$36<=Bosque!$E$34,Bosque!$M$35,Bosque!$M$36)) | J36: =IF(Datos!$I$36<=Bosque!$E$37,IF(Datos!$H$36<=Bosque!$E$38,Bosque!$M$39,Bosque!$M$40),IF(Datos!$F$36<=Bosque!$E$41,Bosque!$M$42,Bosque!$M$43)) | K36: =IF(Datos!$G$36<=Bosque!$E$44,IF(Datos!$H$36<=Bosque!$E$45,Bosque!$M$46,Bosque!$M$47),IF(Datos!$F$36<=Bosque!$E$48,Bosque!$M$49,Bosque!$M$50)) | L36: =AVERAGE(E36:K36) | M36: =$M$2 | N36: =IF(L36>=M36,"Sí","No") | O36: =--AND(C36=1,N36="Sí") | P36: =--AND(C36=0,N36="Sí") | Q36: =--AND(C36=1,N36="No") | R36: =--AND(C36=0,N36="No") | S36: =--(C36=--(L36>=M36)) | T36: =O36*60000-P36*3000
A37: =Datos!A37 | B37: =Datos!B37 | C37: =Datos!D37 | D37: 37 | E37: =IF(Datos!$G$37<=Bosque!$E$4,IF(Datos!$H$37<=Bosque!$E$5,Bosque!$M$6,Bosque!$M$7),IF(Datos!$G$37<=Bosque!$E$8,Bosque!$M$9,Bosque!$M$10)) | F37: =IF(Datos!$H$37<=Bosque!$E$11,IF(Datos!$E$37<=Bosque!$E$12,Bosque!$M$13,Bosque!$M$14),IF(Datos!$I$37<=Bosque!$E$15,Bosque!$M$16,Bosque!$M$17)) | G37: =IF(Datos!$E$37<=Bosque!$E$18,IF(Datos!$I$37<=Bosque!$E$19,Bosque!$M$20,Bosque!$M$21),Bosque!$M$22) | H37: =IF(Datos!$E$37<=Bosque!$E$23,IF(Datos!$E$37<=Bosque!$E$24,Bosque!$M$25,Bosque!$M$26),IF(Datos!$E$37<=Bosque!$E$27,Bosque!$M$28,Bosque!$M$29)) | I37: =IF(Datos!$G$37<=Bosque!$E$30,IF(Datos!$E$37<=Bosque!$E$31,Bosque!$M$32,Bosque!$M$33),IF(Datos!$E$37<=Bosque!$E$34,Bosque!$M$35,Bosque!$M$36)) | J37: =IF(Datos!$I$37<=Bosque!$E$37,IF(Datos!$H$37<=Bosque!$E$38,Bosque!$M$39,Bosque!$M$40),IF(Datos!$F$37<=Bosque!$E$41,Bosque!$M$42,Bosque!$M$43)) | K37: =IF(Datos!$G$37<=Bosque!$E$44,IF(Datos!$H$37<=Bosque!$E$45,Bosque!$M$46,Bosque!$M$47),IF(Datos!$F$37<=Bosque!$E$48,Bosque!$M$49,Bosque!$M$50)) | L37: =AVERAGE(E37:K37) | M37: =$M$2 | N37: =IF(L37>=M37,"Sí","No") | O37: =--AND(C37=1,N37="Sí") | P37: =--AND(C37=0,N37="Sí") | Q37: =--AND(C37=1,N37="No") | R37: =--AND(C37=0,N37="No") | S37: =--(C37=--(L37>=M37)) | T37: =O37*60000-P37*3000
A38: =Datos!A38 | B38: =Datos!B38 | C38: =Datos!D38 | D38: 38 | E38: =IF(Datos!$G$38<=Bosque!$E$4,IF(Datos!$H$38<=Bosque!$E$5,Bosque!$M$6,Bosque!$M$7),IF(Datos!$G$38<=Bosque!$E$8,Bosque!$M$9,Bosque!$M$10)) | F38: =IF(Datos!$H$38<=Bosque!$E$11,IF(Datos!$E$38<=Bosque!$E$12,Bosque!$M$13,Bosque!$M$14),IF(Datos!$I$38<=Bosque!$E$15,Bosque!$M$16,Bosque!$M$17)) | G38: =IF(Datos!$E$38<=Bosque!$E$18,IF(Datos!$I$38<=Bosque!$E$19,Bosque!$M$20,Bosque!$M$21),Bosque!$M$22) | H38: =IF(Datos!$E$38<=Bosque!$E$23,IF(Datos!$E$38<=Bosque!$E$24,Bosque!$M$25,Bosque!$M$26),IF(Datos!$E$38<=Bosque!$E$27,Bosque!$M$28,Bosque!$M$29)) | I38: =IF(Datos!$G$38<=Bosque!$E$30,IF(Datos!$E$38<=Bosque!$E$31,Bosque!$M$32,Bosque!$M$33),IF(Datos!$E$38<=Bosque!$E$34,Bosque!$M$35,Bosque!$M$36)) | J38: =IF(Datos!$I$38<=Bosque!$E$37,IF(Datos!$H$38<=Bosque!$E$38,Bosque!$M$39,Bosque!$M$40),IF(Datos!$F$38<=Bosque!$E$41,Bosque!$M$42,Bosque!$M$43)) | K38: =IF(Datos!$G$38<=Bosque!$E$44,IF(Datos!$H$38<=Bosque!$E$45,Bosque!$M$46,Bosque!$M$47),IF(Datos!$F$38<=Bosque!$E$48,Bosque!$M$49,Bosque!$M$50)) | L38: =AVERAGE(E38:K38) | M38: =$M$2 | N38: =IF(L38>=M38,"Sí","No") | O38: =--AND(C38=1,N38="Sí") | P38: =--AND(C38=0,N38="Sí") | Q38: =--AND(C38=1,N38="No") | R38: =--AND(C38=0,N38="No") | S38: =--(C38=--(L38>=M38)) | T38: =O38*60000-P38*3000
A39: =Datos!A39 | B39: =Datos!B39 | C39: =Datos!D39 | D39: 39 | E39: =IF(Datos!$G$39<=Bosque!$E$4,IF(Datos!$H$39<=Bosque!$E$5,Bosque!$M$6,Bosque!$M$7),IF(Datos!$G$39<=Bosque!$E$8,Bosque!$M$9,Bosque!$M$10)) | F39: =IF(Datos!$H$39<=Bosque!$E$11,IF(Datos!$E$39<=Bosque!$E$12,Bosque!$M$13,Bosque!$M$14),IF(Datos!$I$39<=Bosque!$E$15,Bosque!$M$16,Bosque!$M$17)) | G39: =IF(Datos!$E$39<=Bosque!$E$18,IF(Datos!$I$39<=Bosque!$E$19,Bosque!$M$20,Bosque!$M$21),Bosque!$M$22) | H39: =IF(Datos!$E$39<=Bosque!$E$23,IF(Datos!$E$39<=Bosque!$E$24,Bosque!$M$25,Bosque!$M$26),IF(Datos!$E$39<=Bosque!$E$27,Bosque!$M$28,Bosque!$M$29)) | I39: =IF(Datos!$G$39<=Bosque!$E$30,IF(Datos!$E$39<=Bosque!$E$31,Bosque!$M$32,Bosque!$M$33),IF(Datos!$E$39<=Bosque!$E$34,Bosque!$M$35,Bosque!$M$36)) | J39: =IF(Datos!$I$39<=Bosque!$E$37,IF(Datos!$H$39<=Bosque!$E$38,Bosque!$M$39,Bosque!$M$40),IF(Datos!$F$39<=Bosque!$E$41,Bosque!$M$42,Bosque!$M$43)) | K39: =IF(Datos!$G$39<=Bosque!$E$44,IF(Datos!$H$39<=Bosque!$E$45,Bosque!$M$46,Bosque!$M$47),IF(Datos!$F$39<=Bosque!$E$48,Bosque!$M$49,Bosque!$M$50)) | L39: =AVERAGE(E39:K39) | M39: =$M$2 | N39: =IF(L39>=M39,"Sí","No") | O39: =--AND(C39=1,N39="Sí") | P39: =--AND(C39=0,N39="Sí") | Q39: =--AND(C39=1,N39="No") | R39: =--AND(C39=0,N39="No") | S39: =--(C39=--(L39>=M39)) | T39: =O39*60000-P39*3000
A40: =Datos!A40 | B40: =Datos!B40 | C40: =Datos!D40 | D40: 40 | E40: =IF(Datos!$G$40<=Bosque!$E$4,IF(Datos!$H$40<=Bosque!$E$5,Bosque!$M$6,Bosque!$M$7),IF(Datos!$G$40<=Bosque!$E$8,Bosque!$M$9,Bosque!$M$10)) | F40: =IF(Datos!$H$40<=Bosque!$E$11,IF(Datos!$E$40<=Bosque!$E$12,Bosque!$M$13,Bosque!$M$14),IF(Datos!$I$40<=Bosque!$E$15,Bosque!$M$16,Bosque!$M$17)) | G40: =IF(Datos!$E$40<=Bosque!$E$18,IF(Datos!$I$40<=Bosque!$E$19,Bosque!$M$20,Bosque!$M$21),Bosque!$M$22) | H40: =IF(Datos!$E$40<=Bosque!$E$23,IF(Datos!$E$40<=Bosque!$E$24,Bosque!$M$25,Bosque!$M$26),IF(Datos!$E$40<=Bosque!$E$27,Bosque!$M$28,Bosque!$M$29)) | I40: =IF(Datos!$G$40<=Bosque!$E$30,IF(Datos!$E$40<=Bosque!$E$31,Bosque!$M$32,Bosque!$M$33),IF(Datos!$E$40<=Bosque!$E$34,Bosque!$M$35,Bosque!$M$36)) | J40: =IF(Datos!$I$40<=Bosque!$E$37,IF(Datos!$H$40<=Bosque!$E$38,Bosque!$M$39,Bosque!$M$40),IF(Datos!$F$40<=Bosque!$E$41,Bosque!$M$42,Bosque!$M$43)) | K40: =IF(Datos!$G$40<=Bosque!$E$44,IF(Datos!$H$40<=Bosque!$E$45,Bosque!$M$46,Bosque!$M$47),IF(Datos!$F$40<=Bosque!$E$48,Bosque!$M$49,Bosque!$M$50)) | L40: =AVERAGE(E40:K40) | M40: =$M$2 | N40: =IF(L40>=M40,"Sí","No") | O40: =--AND(C40=1,N40="Sí") | P40: =--AND(C40=0,N40="Sí") | Q40: =--AND(C40=1,N40="No") | R40: =--AND(C40=0,N40="No") | S40: =--(C40=--(L40>=M40)) | T40: =O40*60000-P40*3000
A41: =Datos!A41 | B41: =Datos!B41 | C41: =Datos!D41 | D41: 41 | E41: =IF(Datos!$G$41<=Bosque!$E$4,IF(Datos!$H$41<=Bosque!$E$5,Bosque!$M$6,Bosque!$M$7),IF(Datos!$G$41<=Bosque!$E$8,Bosque!$M$9,Bosque!$M$10)) | F41: =IF(Datos!$H$41<=Bosque!$E$11,IF(Datos!$E$41<=Bosque!$E$12,Bosque!$M$13,Bosque!$M$14),IF(Datos!$I$41<=Bosque!$E$15,Bosque!$M$16,Bosque!$M$17)) | G41: =IF(Datos!$E$41<=Bosque!$E$18,IF(Datos!$I$41<=Bosque!$E$19,Bosque!$M$20,Bosque!$M$21),Bosque!$M$22) | H41: =IF(Datos!$E$41<=Bosque!$E$23,IF(Datos!$E$41<=Bosque!$E$24,Bosque!$M$25,Bosque!$M$26),IF(Datos!$E$41<=Bosque!$E$27,Bosque!$M$28,Bosque!$M$29)) | I41: =IF(Datos!$G$41<=Bosque!$E$30,IF(Datos!$E$41<=Bosque!$E$31,Bosque!$M$32,Bosque!$M$33),IF(Datos!$E$41<=Bosque!$E$34,Bosque!$M$35,Bosque!$M$36)) | J41: =IF(Datos!$I$41<=Bosque!$E$37,IF(Datos!$H$41<=Bosque!$E$38,Bosque!$M$39,Bosque!$M$40),IF(Datos!$F$41<=Bosque!$E$41,Bosque!$M$42,Bosque!$M$43)) | K41: =IF(Datos!$G$41<=Bosque!$E$44,IF(Datos!$H$41<=Bosque!$E$45,Bosque!$M$46,Bosque!$M$47),IF(Datos!$F$41<=Bosque!$E$48,Bosque!$M$49,Bosque!$M$50)) | L41: =AVERAGE(E41:K41) | M41: =$M$2 | N41: =IF(L41>=M41,"Sí","No") | O41: =--AND(C41=1,N41="Sí") | P41: =--AND(C41=0,N41="Sí") | Q41: =--AND(C41=1,N41="No") | R41: =--AND(C41=0,N41="No") | S41: =--(C41=--(L41>=M41)) | T41: =O41*60000-P41*3000
A42: =Datos!A42 | B42: =Datos!B42 | C42: =Datos!D42 | D42: 42 | E42: =IF(Datos!$G$42<=Bosque!$E$4,IF(Datos!$H$42<=Bosque!$E$5,Bosque!$M$6,Bosque!$M$7),IF(Datos!$G$42<=Bosque!$E$8,Bosque!$M$9,Bosque!$M$10)) | F42: =IF(Datos!$H$42<=Bosque!$E$11,IF(Datos!$E$42<=Bosque!$E$12,Bosque!$M$13,Bosque!$M$14),IF(Datos!$I$42<=Bosque!$E$15,Bosque!$M$16,Bosque!$M$17)) | G42: =IF(Datos!$E$42<=Bosque!$E$18,IF(Datos!$I$42<=Bosque!$E$19,Bosque!$M$20,Bosque!$M$21),Bosque!$M$22) | H42: =IF(Datos!$E$42<=Bosque!$E$23,IF(Datos!$E$42<=Bosque!$E$24,Bosque!$M$25,Bosque!$M$26),IF(Datos!$E$42<=Bosque!$E$27,Bosque!$M$28,Bosque!$M$29)) | I42: =IF(Datos!$G$42<=Bosque!$E$30,IF(Datos!$E$42<=Bosque!$E$31,Bosque!$M$32,Bosque!$M$33),IF(Datos!$E$42<=Bosque!$E$34,Bosque!$M$35,Bosque!$M$36)) | J42: =IF(Datos!$I$42<=Bosque!$E$37,IF(Datos!$H$42<=Bosque!$E$38,Bosque!$M$39,Bosque!$M$40),IF(Datos!$F$42<=Bosque!$E$41,Bosque!$M$42,Bosque!$M$43)) | K42: =IF(Datos!$G$42<=Bosque!$E$44,IF(Datos!$H$42<=Bosque!$E$45,Bosque!$M$46,Bosque!$M$47),IF(Datos!$F$42<=Bosque!$E$48,Bosque!$M$49,Bosque!$M$50)) | L42: =AVERAGE(E42:K42) | M42: =$M$2 | N42: =IF(L42>=M42,"Sí","No") | O42: =--AND(C42=1,N42="Sí") | P42: =--AND(C42=0,N42="Sí") | Q42: =--AND(C42=1,N42="No") | R42: =--AND(C42=0,N42="No") | S42: =--(C42=--(L42>=M42)) | T42: =O42*60000-P42*3000
A43: =Datos!A43 | B43: =Datos!B43 | C43: =Datos!D43 | D43: 43 | E43: =IF(Datos!$G$43<=Bosque!$E$4,IF(Datos!$H$43<=Bosque!$E$5,Bosque!$M$6,Bosque!$M$7),IF(Datos!$G$43<=Bosque!$E$8,Bosque!$M$9,Bosque!$M$10)) | F43: =IF(Datos!$H$43<=Bosque!$E$11,IF(Datos!$E$43<=Bosque!$E$12,Bosque!$M$13,Bosque!$M$14),IF(Datos!$I$43<=Bosque!$E$15,Bosque!$M$16,Bosque!$M$17)) | G43: =IF(Datos!$E$43<=Bosque!$E$18,IF(Datos!$I$43<=Bosque!$E$19,Bosque!$M$20,Bosque!$M$21),Bosque!$M$22) | H43: =IF(Datos!$E$43<=Bosque!$E$23,IF(Datos!$E$43<=Bosque!$E$24,Bosque!$M$25,Bosque!$M$26),IF(Datos!$E$43<=Bosque!$E$27,Bosque!$M$28,Bosque!$M$29)) | I43: =IF(Datos!$G$43<=Bosque!$E$30,IF(Datos!$E$43<=Bosque!$E$31,Bosque!$M$32,Bosque!$M$33),IF(Datos!$E$43<=Bosque!$E$34,Bosque!$M$35,Bosque!$M$36)) | J43: =IF(Datos!$I$43<=Bosque!$E$37,IF(Datos!$H$43<=Bosque!$E$38,Bosque!$M$39,Bosque!$M$40),IF(Datos!$F$43<=Bosque!$E$41,Bosque!$M$42,Bosque!$M$43)) | K43: =IF(Datos!$G$43<=Bosque!$E$44,IF(Datos!$H$43<=Bosque!$E$45,Bosque!$M$46,Bosque!$M$47),IF(Datos!$F$43<=Bosque!$E$48,Bosque!$M$49,Bosque!$M$50)) | L43: =AVERAGE(E43:K43) | M43: =$M$2 | N43: =IF(L43>=M43,"Sí","No") | O43: =--AND(C43=1,N43="Sí") | P43: =--AND(C43=0,N43="Sí") | Q43: =--AND(C43=1,N43="No") | R43: =--AND(C43=0,N43="No") | S43: =--(C43=--(L43>=M43)) | T43: =O43*60000-P43*3000
A44: =Datos!A44 | B44: =Datos!B44 | C44: =Datos!D44 | D44: 44 | E44: =IF(Datos!$G$44<=Bosque!$E$4,IF(Datos!$H$44<=Bosque!$E$5,Bosque!$M$6,Bosque!$M$7),IF(Datos!$G$44<=Bosque!$E$8,Bosque!$M$9,Bosque!$M$10)) | F44: =IF(Datos!$H$44<=Bosque!$E$11,IF(Datos!$E$44<=Bosque!$E$12,Bosque!$M$13,Bosque!$M$14),IF(Datos!$I$44<=Bosque!$E$15,Bosque!$M$16,Bosque!$M$17)) | G44: =IF(Datos!$E$44<=Bosque!$E$18,IF(Datos!$I$44<=Bosque!$E$19,Bosque!$M$20,Bosque!$M$21),Bosque!$M$22) | H44: =IF(Datos!$E$44<=Bosque!$E$23,IF(Datos!$E$44<=Bosque!$E$24,Bosque!$M$25,Bosque!$M$26),IF(Datos!$E$44<=Bosque!$E$27,Bosque!$M$28,Bosque!$M$29)) | I44: =IF(Datos!$G$44<=Bosque!$E$30,IF(Datos!$E$44<=Bosque!$E$31,Bosque!$M$32,Bosque!$M$33),IF(Datos!$E$44<=Bosque!$E$34,Bosque!$M$35,Bosque!$M$36)) | J44: =IF(Datos!$I$44<=Bosque!$E$37,IF(Datos!$H$44<=Bosque!$E$38,Bosque!$M$39,Bosque!$M$40),IF(Datos!$F$44<=Bosque!$E$41,Bosque!$M$42,Bosque!$M$43)) | K44: =IF(Datos!$G$44<=Bosque!$E$44,IF(Datos!$H$44<=Bosque!$E$45,Bosque!$M$46,Bosque!$M$47),IF(Datos!$F$44<=Bosque!$E$48,Bosque!$M$49,Bosque!$M$50)) | L44: =AVERAGE(E44:K44) | M44: =$M$2 | N44: =IF(L44>=M44,"Sí","No") | O44: =--AND(C44=1,N44="Sí") | P44: =--AND(C44=0,N44="Sí") | Q44: =--AND(C44=1,N44="No") | R44: =--AND(C44=0,N44="No") | S44: =--(C44=--(L44>=M44)) | T44: =O44*60000-P44*3000
A45: =Datos!A45 | B45: =Datos!B45 | C45: =Datos!D45 | D45: 45 | E45: =IF(Datos!$G$45<=Bosque!$E$4,IF(Datos!$H$45<=Bosque!$E$5,Bosque!$M$6,Bosque!$M$7),IF(Datos!$G$45<=Bosque!$E$8,Bosque!$M$9,Bosque!$M$10)) | F45: =IF(Datos!$H$45<=Bosque!$E$11,IF(Datos!$E$45<=Bosque!$E$12,Bosque!$M$13,Bosque!$M$14),IF(Datos!$I$45<=Bosque!$E$15,Bosque!$M$16,Bosque!$M$17)) | G45: =IF(Datos!$E$45<=Bosque!$E$18,IF(Datos!$I$45<=Bosque!$E$19,Bosque!$M$20,Bosque!$M$21),Bosque!$M$22) | H45: =IF(Datos!$E$45<=Bosque!$E$23,IF(Datos!$E$45<=Bosque!$E$24,Bosque!$M$25,Bosque!$M$26),IF(Datos!$E$45<=Bosque!$E$27,Bosque!$M$28,Bosque!$M$29)) | I45: =IF(Datos!$G$45<=Bosque!$E$30,IF(Datos!$E$45<=Bosque!$E$31,Bosque!$M$32,Bosque!$M$33),IF(Datos!$E$45<=Bosque!$E$34,Bosque!$M$35,Bosque!$M$36)) | J45: =IF(Datos!$I$45<=Bosque!$E$37,IF(Datos!$H$45<=Bosque!$E$38,Bosque!$M$39,Bosque!$M$40),IF(Datos!$F$45<=Bosque!$E$41,Bosque!$M$42,Bosque!$M$43)) | K45: =IF(Datos!$G$45<=Bosque!$E$44,IF(Datos!$H$45<=Bosque!$E$45,Bosque!$M$46,Bosque!$M$47),IF(Datos!$F$45<=Bosque!$E$48,Bosque!$M$49,Bosque!$M$50)) | L45: =AVERAGE(E45:K45) | M45: =$M$2 | N45: =IF(L45>=M45,"Sí","No") | O45: =--AND(C45=1,N45="Sí") | P45: =--AND(C45=0,N45="Sí") | Q45: =--AND(C45=1,N45="No") | R45: =--AND(C45=0,N45="No") | S45: =--(C45=--(L45>=M45)) | T45: =O45*60000-P45*3000
A46: =Datos!A46 | B46: =Datos!B46 | C46: =Datos!D46 | D46: 46 | E46: =IF(Datos!$G$46<=Bosque!$E$4,IF(Datos!$H$46<=Bosque!$E$5,Bosque!$M$6,Bosque!$M$7),IF(Datos!$G$46<=Bosque!$E$8,Bosque!$M$9,Bosque!$M$10)) | F46: =IF(Datos!$H$46<=Bosque!$E$11,IF(Datos!$E$46<=Bosque!$E$12,Bosque!$M$13,Bosque!$M$14),IF(Datos!$I$46<=Bosque!$E$15,Bosque!$M$16,Bosque!$M$17)) | G46: =IF(Datos!$E$46<=Bosque!$E$18,IF(Datos!$I$46<=Bosque!$E$19,Bosque!$M$20,Bosque!$M$21),Bosque!$M$22) | H46: =IF(Datos!$E$46<=Bosque!$E$23,IF(Datos!$E$46<=Bosque!$E$24,Bosque!$M$25,Bosque!$M$26),IF(Datos!$E$46<=Bosque!$E$27,Bosque!$M$28,Bosque!$M$29)) | I46: =IF(Datos!$G$46<=Bosque!$E$30,IF(Datos!$E$46<=Bosque!$E$31,Bosque!$M$32,Bosque!$M$33),IF(Datos!$E$46<=Bosque!$E$34,Bosque!$M$35,Bosque!$M$36)) | J46: =IF(Datos!$I$46<=Bosque!$E$37,IF(Datos!$H$46<=Bosque!$E$38,Bosque!$M$39,Bosque!$M$40),IF(Datos!$F$46<=Bosque!$E$41,Bosque!$M$42,Bosque!$M$43)) | K46: =IF(Datos!$G$46<=Bosque!$E$44,IF(Datos!$H$46<=Bosque!$E$45,Bosque!$M$46,Bosque!$M$47),IF(Datos!$F$46<=Bosque!$E$48,Bosque!$M$49,Bosque!$M$50)) | L46: =AVERAGE(E46:K46) | M46: =$M$2 | N46: =IF(L46>=M46,"Sí","No") | O46: =--AND(C46=1,N46="Sí") | P46: =--AND(C46=0,N46="Sí") | Q46: =--AND(C46=1,N46="No") | R46: =--AND(C46=0,N46="No") | S46: =--(C46=--(L46>=M46)) | T46: =O46*60000-P46*3000
A47: =Datos!A47 | B47: =Datos!B47 | C47: =Datos!D47 | D47: 47 | E47: =IF(Datos!$G$47<=Bosque!$E$4,IF(Datos!$H$47<=Bosque!$E$5,Bosque!$M$6,Bosque!$M$7),IF(Datos!$G$47<=Bosque!$E$8,Bosque!$M$9,Bosque!$M$10)) | F47: =IF(Datos!$H$47<=Bosque!$E$11,IF(Datos!$E$47<=Bosque!$E$12,Bosque!$M$13,Bosque!$M$14),IF(Datos!$I$47<=Bosque!$E$15,Bosque!$M$16,Bosque!$M$17)) | G47: =IF(Datos!$E$47<=Bosque!$E$18,IF(Datos!$I$47<=Bosque!$E$19,Bosque!$M$20,Bosque!$M$21),Bosque!$M$22) | H47: =IF(Datos!$E$47<=Bosque!$E$23,IF(Datos!$E$47<=Bosque!$E$24,Bosque!$M$25,Bosque!$M$26),IF(Datos!$E$47<=Bosque!$E$27,Bosque!$M$28,Bosque!$M$29)) | I47: =IF(Datos!$G$47<=Bosque!$E$30,IF(Datos!$E$47<=Bosque!$E$31,Bosque!$M$32,Bosque!$M$33),IF(Datos!$E$47<=Bosque!$E$34,Bosque!$M$35,Bosque!$M$36)) | J47: =IF(Datos!$I$47<=Bosque!$E$37,IF(Datos!$H$47<=Bosque!$E$38,Bosque!$M$39,Bosque!$M$40),IF(Datos!$F$47<=Bosque!$E$41,Bosque!$M$42,Bosque!$M$43)) | K47: =IF(Datos!$G$47<=Bosque!$E$44,IF(Datos!$H$47<=Bosque!$E$45,Bosque!$M$46,Bosque!$M$47),IF(Datos!$F$47<=Bosque!$E$48,Bosque!$M$49,Bosque!$M$50)) | L47: =AVERAGE(E47:K47) | M47: =$M$2 | N47: =IF(L47>=M47,"Sí","No") | O47: =--AND(C47=1,N47="Sí") | P47: =--AND(C47=0,N47="Sí") | Q47: =--AND(C47=1,N47="No") | R47: =--AND(C47=0,N47="No") | S47: =--(C47=--(L47>=M47)) | T47: =O47*60000-P47*3000
A48: =Datos!A48 | B48: =Datos!B48 | C48: =Datos!D48 | D48: 48 | E48: =IF(Datos!$G$48<=Bosque!$E$4,IF(Datos!$H$48<=Bosque!$E$5,Bosque!$M$6,Bosque!$M$7),IF(Datos!$G$48<=Bosque!$E$8,Bosque!$M$9,Bosque!$M$10)) | F48: =IF(Datos!$H$48<=Bosque!$E$11,IF(Datos!$E$48<=Bosque!$E$12,Bosque!$M$13,Bosque!$M$14),IF(Datos!$I$48<=Bosque!$E$15,Bosque!$M$16,Bosque!$M$17)) | G48: =IF(Datos!$E$48<=Bosque!$E$18,IF(Datos!$I$48<=Bosque!$E$19,Bosque!$M$20,Bosque!$M$21),Bosque!$M$22) | H48: =IF(Datos!$E$48<=Bosque!$E$23,IF(Datos!$E$48<=Bosque!$E$24,Bosque!$M$25,Bosque!$M$26),IF(Datos!$E$48<=Bosque!$E$27,Bosque!$M$28,Bosque!$M$29)) | I48: =IF(Datos!$G$48<=Bosque!$E$30,IF(Datos!$E$48<=Bosque!$E$31,Bosque!$M$32,Bosque!$M$33),IF(Datos!$E$48<=Bosque!$E$34,Bosque!$M$35,Bosque!$M$36)) | J48: =IF(Datos!$I$48<=Bosque!$E$37,IF(Datos!$H$48<=Bosque!$E$38,Bosque!$M$39,Bosque!$M$40),IF(Datos!$F$48<=Bosque!$E$41,Bosque!$M$42,Bosque!$M$43)) | K48: =IF(Datos!$G$48<=Bosque!$E$44,IF(Datos!$H$48<=Bosque!$E$45,Bosque!$M$46,Bosque!$M$47),IF(Datos!$F$48<=Bosque!$E$48,Bosque!$M$49,Bosque!$M$50)) | L48: =AVERAGE(E48:K48) | M48: =$M$2 | N48: =IF(L48>=M48,"Sí","No") | O48: =--AND(C48=1,N48="Sí") | P48: =--AND(C48=0,N48="Sí") | Q48: =--AND(C48=1,N48="No") | R48: =--AND(C48=0,N48="No") | S48: =--(C48=--(L48>=M48)) | T48: =O48*60000-P48*3000
A49: =Datos!A49 | B49: =Datos!B49 | C49: =Datos!D49 | D49: 49 | E49: =IF(Datos!$G$49<=Bosque!$E$4,IF(Datos!$H$49<=Bosque!$E$5,Bosque!$M$6,Bosque!$M$7),IF(Datos!$G$49<=Bosque!$E$8,Bosque!$M$9,Bosque!$M$10)) | F49: =IF(Datos!$H$49<=Bosque!$E$11,IF(Datos!$E$49<=Bosque!$E$12,Bosque!$M$13,Bosque!$M$14),IF(Datos!$I$49<=Bosque!$E$15,Bosque!$M$16,Bosque!$M$17)) | G49: =IF(Datos!$E$49<=Bosque!$E$18,IF(Datos!$I$49<=Bosque!$E$19,Bosque!$M$20,Bosque!$M$21),Bosque!$M$22) | H49: =IF(Datos!$E$49<=Bosque!$E$23,IF(Datos!$E$49<=Bosque!$E$24,Bosque!$M$25,Bosque!$M$26),IF(Datos!$E$49<=Bosque!$E$27,Bosque!$M$28,Bosque!$M$29)) | I49: =IF(Datos!$G$49<=Bosque!$E$30,IF(Datos!$E$49<=Bosque!$E$31,Bosque!$M$32,Bosque!$M$33),IF(Datos!$E$49<=Bosque!$E$34,Bosque!$M$35,Bosque!$M$36)) | J49: =IF(Datos!$I$49<=Bosque!$E$37,IF(Datos!$H$49<=Bosque!$E$38,Bosque!$M$39,Bosque!$M$40),IF(Datos!$F$49<=Bosque!$E$41,Bosque!$M$42,Bosque!$M$43)) | K49: =IF(Datos!$G$49<=Bosque!$E$44,IF(Datos!$H$49<=Bosque!$E$45,Bosque!$M$46,Bosque!$M$47),IF(Datos!$F$49<=Bosque!$E$48,Bosque!$M$49,Bosque!$M$50)) | L49: =AVERAGE(E49:K49) | M49: =$M$2 | N49: =IF(L49>=M49,"Sí","No") | O49: =--AND(C49=1,N49="Sí") | P49: =--AND(C49=0,N49="Sí") | Q49: =--AND(C49=1,N49="No") | R49: =--AND(C49=0,N49="No") | S49: =--(C49=--(L49>=M49)) | T49: =O49*60000-P49*3000
A50: =Datos!A50 | B50: =Datos!B50 | C50: =Datos!D50 | D50: 50 | E50: =IF(Datos!$G$50<=Bosque!$E$4,IF(Datos!$H$50<=Bosque!$E$5,Bosque!$M$6,Bosque!$M$7),IF(Datos!$G$50<=Bosque!$E$8,Bosque!$M$9,Bosque!$M$10)) | F50: =IF(Datos!$H$50<=Bosque!$E$11,IF(Datos!$E$50<=Bosque!$E$12,Bosque!$M$13,Bosque!$M$14),IF(Datos!$I$50<=Bosque!$E$15,Bosque!$M$16,Bosque!$M$17)) | G50: =IF(Datos!$E$50<=Bosque!$E$18,IF(Datos!$I$50<=Bosque!$E$19,Bosque!$M$20,Bosque!$M$21),Bosque!$M$22) | H50: =IF(Datos!$E$50<=Bosque!$E$23,IF(Datos!$E$50<=Bosque!$E$24,Bosque!$M$25,Bosque!$M$26),IF(Datos!$E$50<=Bosque!$E$27,Bosque!$M$28,Bosque!$M$29)) | I50: =IF(Datos!$G$50<=Bosque!$E$30,IF(Datos!$E$50<=Bosque!$E$31,Bosque!$M$32,Bosque!$M$33),IF(Datos!$E$50<=Bosque!$E$34,Bosque!$M$35,Bosque!$M$36)) | J50: =IF(Datos!$I$50<=Bosque!$E$37,IF(Datos!$H$50<=Bosque!$E$38,Bosque!$M$39,Bosque!$M$40),IF(Datos!$F$50<=Bosque!$E$41,Bosque!$M$42,Bosque!$M$43)) | K50: =IF(Datos!$G$50<=Bosque!$E$44,IF(Datos!$H$50<=Bosque!$E$45,Bosque!$M$46,Bosque!$M$47),IF(Datos!$F$50<=Bosque!$E$48,Bosque!$M$49,Bosque!$M$50)) | L50: =AVERAGE(E50:K50) | M50: =$M$2 | N50: =IF(L50>=M50,"Sí","No") | O50: =--AND(C50=1,N50="Sí") | P50: =--AND(C50=0,N50="Sí") | Q50: =--AND(C50=1,N50="No") | R50: =--AND(C50=0,N50="No") | S50: =--(C50=--(L50>=M50)) | T50: =O50*60000-P50*3000
A51: =Datos!A51 | B51: =Datos!B51 | C51: =Datos!D51 | D51: 51 | E51: =IF(Datos!$G$51<=Bosque!$E$4,IF(Datos!$H$51<=Bosque!$E$5,Bosque!$M$6,Bosque!$M$7),IF(Datos!$G$51<=Bosque!$E$8,Bosque!$M$9,Bosque!$M$10)) | F51: =IF(Datos!$H$51<=Bosque!$E$11,IF(Datos!$E$51<=Bosque!$E$12,Bosque!$M$13,Bosque!$M$14),IF(Datos!$I$51<=Bosque!$E$15,Bosque!$M$16,Bosque!$M$17)) | G51: =IF(Datos!$E$51<=Bosque!$E$18,IF(Datos!$I$51<=Bosque!$E$19,Bosque!$M$20,Bosque!$M$21),Bosque!$M$22) | H51: =IF(Datos!$E$51<=Bosque!$E$23,IF(Datos!$E$51<=Bosque!$E$24,Bosque!$M$25,Bosque!$M$26),IF(Datos!$E$51<=Bosque!$E$27,Bosque!$M$28,Bosque!$M$29)) | I51: =IF(Datos!$G$51<=Bosque!$E$30,IF(Datos!$E$51<=Bosque!$E$31,Bosque!$M$32,Bosque!$M$33),IF(Datos!$E$51<=Bosque!$E$34,Bosque!$M$35,Bosque!$M$36)) | J51: =IF(Datos!$I$51<=Bosque!$E$37,IF(Datos!$H$51<=Bosque!$E$38,Bosque!$M$39,Bosque!$M$40),IF(Datos!$F$51<=Bosque!$E$41,Bosque!$M$42,Bosque!$M$43)) | K51: =IF(Datos!$G$51<=Bosque!$E$44,IF(Datos!$H$51<=Bosque!$E$45,Bosque!$M$46,Bosque!$M$47),IF(Datos!$F$51<=Bosque!$E$48,Bosque!$M$49,Bosque!$M$50)) | L51: =AVERAGE(E51:K51) | M51: =$M$2 | N51: =IF(L51>=M51,"Sí","No") | O51: =--AND(C51=1,N51="Sí") | P51: =--AND(C51=0,N51="Sí") | Q51: =--AND(C51=1,N51="No") | R51: =--AND(C51=0,N51="No") | S51: =--(C51=--(L51>=M51)) | T51: =O51*60000-P51*3000
A52: =Datos!A52 | B52: =Datos!B52 | C52: =Datos!D52 | D52: 52 | E52: =IF(Datos!$G$52<=Bosque!$E$4,IF(Datos!$H$52<=Bosque!$E$5,Bosque!$M$6,Bosque!$M$7),IF(Datos!$G$52<=Bosque!$E$8,Bosque!$M$9,Bosque!$M$10)) | F52: =IF(Datos!$H$52<=Bosque!$E$11,IF(Datos!$E$52<=Bosque!$E$12,Bosque!$M$13,Bosque!$M$14),IF(Datos!$I$52<=Bosque!$E$15,Bosque!$M$16,Bosque!$M$17)) | G52: =IF(Datos!$E$52<=Bosque!$E$18,IF(Datos!$I$52<=Bosque!$E$19,Bosque!$M$20,Bosque!$M$21),Bosque!$M$22) | H52: =IF(Datos!$E$52<=Bosque!$E$23,IF(Datos!$E$52<=Bosque!$E$24,Bosque!$M$25,Bosque!$M$26),IF(Datos!$E$52<=Bosque!$E$27,Bosque!$M$28,Bosque!$M$29)) | I52: =IF(Datos!$G$52<=Bosque!$E$30,IF(Datos!$E$52<=Bosque!$E$31,Bosque!$M$32,Bosque!$M$33),IF(Datos!$E$52<=Bosque!$E$34,Bosque!$M$35,Bosque!$M$36)) | J52: =IF(Datos!$I$52<=Bosque!$E$37,IF(Datos!$H$52<=Bosque!$E$38,Bosque!$M$39,Bosque!$M$40),IF(Datos!$F$52<=Bosque!$E$41,Bosque!$M$42,Bosque!$M$43)) | K52: =IF(Datos!$G$52<=Bosque!$E$44,IF(Datos!$H$52<=Bosque!$E$45,Bosque!$M$46,Bosque!$M$47),IF(Datos!$F$52<=Bosque!$E$48,Bosque!$M$49,Bosque!$M$50)) | L52: =AVERAGE(E52:K52) | M52: =$M$2 | N52: =IF(L52>=M52,"Sí","No") | O52: =--AND(C52=1,N52="Sí") | P52: =--AND(C52=0,N52="Sí") | Q52: =--AND(C52=1,N52="No") | R52: =--AND(C52=0,N52="No") | S52: =--(C52=--(L52>=M52)) | T52: =O52*60000-P52*3000
A53: =Datos!A53 | B53: =Datos!B53 | C53: =Datos!D53 | D53: 53 | E53: =IF(Datos!$G$53<=Bosque!$E$4,IF(Datos!$H$53<=Bosque!$E$5,Bosque!$M$6,Bosque!$M$7),IF(Datos!$G$53<=Bosque!$E$8,Bosque!$M$9,Bosque!$M$10)) | F53: =IF(Datos!$H$53<=Bosque!$E$11,IF(Datos!$E$53<=Bosque!$E$12,Bosque!$M$13,Bosque!$M$14),IF(Datos!$I$53<=Bosque!$E$15,Bosque!$M$16,Bosque!$M$17)) | G53: =IF(Datos!$E$53<=Bosque!$E$18,IF(Datos!$I$53<=Bosque!$E$19,Bosque!$M$20,Bosque!$M$21),Bosque!$M$22) | H53: =IF(Datos!$E$53<=Bosque!$E$23,IF(Datos!$E$53<=Bosque!$E$24,Bosque!$M$25,Bosque!$M$26),IF(Datos!$E$53<=Bosque!$E$27,Bosque!$M$28,Bosque!$M$29)) | I53: =IF(Datos!$G$53<=Bosque!$E$30,IF(Datos!$E$53<=Bosque!$E$31,Bosque!$M$32,Bosque!$M$33),IF(Datos!$E$53<=Bosque!$E$34,Bosque!$M$35,Bosque!$M$36)) | J53: =IF(Datos!$I$53<=Bosque!$E$37,IF(Datos!$H$53<=Bosque!$E$38,Bosque!$M$39,Bosque!$M$40),IF(Datos!$F$53<=Bosque!$E$41,Bosque!$M$42,Bosque!$M$43)) | K53: =IF(Datos!$G$53<=Bosque!$E$44,IF(Datos!$H$53<=Bosque!$E$45,Bosque!$M$46,Bosque!$M$47),IF(Datos!$F$53<=Bosque!$E$48,Bosque!$M$49,Bosque!$M$50)) | L53: =AVERAGE(E53:K53) | M53: =$M$2 | N53: =IF(L53>=M53,"Sí","No") | O53: =--AND(C53=1,N53="Sí") | P53: =--AND(C53=0,N53="Sí") | Q53: =--AND(C53=1,N53="No") | R53: =--AND(C53=0,N53="No") | S53: =--(C53=--(L53>=M53)) | T53: =O53*60000-P53*3000
A54: =Datos!A54 | B54: =Datos!B54 | C54: =Datos!D54 | D54: 54 | E54: =IF(Datos!$G$54<=Bosque!$E$4,IF(Datos!$H$54<=Bosque!$E$5,Bosque!$M$6,Bosque!$M$7),IF(Datos!$G$54<=Bosque!$E$8,Bosque!$M$9,Bosque!$M$10)) | F54: =IF(Datos!$H$54<=Bosque!$E$11,IF(Datos!$E$54<=Bosque!$E$12,Bosque!$M$13,Bosque!$M$14),IF(Datos!$I$54<=Bosque!$E$15,Bosque!$M$16,Bosque!$M$17)) | G54: =IF(Datos!$E$54<=Bosque!$E$18,IF(Datos!$I$54<=Bosque!$E$19,Bosque!$M$20,Bosque!$M$21),Bosque!$M$22) | H54: =IF(Datos!$E$54<=Bosque!$E$23,IF(Datos!$E$54<=Bosque!$E$24,Bosque!$M$25,Bosque!$M$26),IF(Datos!$E$54<=Bosque!$E$27,Bosque!$M$28,Bosque!$M$29)) | I54: =IF(Datos!$G$54<=Bosque!$E$30,IF(Datos!$E$54<=Bosque!$E$31,Bosque!$M$32,Bosque!$M$33),IF(Datos!$E$54<=Bosque!$E$34,Bosque!$M$35,Bosque!$M$36)) | J54: =IF(Datos!$I$54<=Bosque!$E$37,IF(Datos!$H$54<=Bosque!$E$38,Bosque!$M$39,Bosque!$M$40),IF(Datos!$F$54<=Bosque!$E$41,Bosque!$M$42,Bosque!$M$43)) | K54: =IF(Datos!$G$54<=Bosque!$E$44,IF(Datos!$H$54<=Bosque!$E$45,Bosque!$M$46,Bosque!$M$47),IF(Datos!$F$54<=Bosque!$E$48,Bosque!$M$49,Bosque!$M$50)) | L54: =AVERAGE(E54:K54) | M54: =$M$2 | N54: =IF(L54>=M54,"Sí","No") | O54: =--AND(C54=1,N54="Sí") | P54: =--AND(C54=0,N54="Sí") | Q54: =--AND(C54=1,N54="No") | R54: =--AND(C54=0,N54="No") | S54: =--(C54=--(L54>=M54)) | T54: =O54*60000-P54*3000
A55: =Datos!A55 | B55: =Datos!B55 | C55: =Datos!D55 | D55: 55 | E55: =IF(Datos!$G$55<=Bosque!$E$4,IF(Datos!$H$55<=Bosque!$E$5,Bosque!$M$6,Bosque!$M$7),IF(Datos!$G$55<=Bosque!$E$8,Bosque!$M$9,Bosque!$M$10)) | F55: =IF(Datos!$H$55<=Bosque!$E$11,IF(Datos!$E$55<=Bosque!$E$12,Bosque!$M$13,Bosque!$M$14),IF(Datos!$I$55<=Bosque!$E$15,Bosque!$M$16,Bosque!$M$17)) | G55: =IF(Datos!$E$55<=Bosque!$E$18,IF(Datos!$I$55<=Bosque!$E$19,Bosque!$M$20,Bosque!$M$21),Bosque!$M$22) | H55: =IF(Datos!$E$55<=Bosque!$E$23,IF(Datos!$E$55<=Bosque!$E$24,Bosque!$M$25,Bosque!$M$26),IF(Datos!$E$55<=Bosque!$E$27,Bosque!$M$28,Bosque!$M$29)) | I55: =IF(Datos!$G$55<=Bosque!$E$30,IF(Datos!$E$55<=Bosque!$E$31,Bosque!$M$32,Bosque!$M$33),IF(Datos!$E$55<=Bosque!$E$34,Bosque!$M$35,Bosque!$M$36)) | J55: =IF(Datos!$I$55<=Bosque!$E$37,IF(Datos!$H$55<=Bosque!$E$38,Bosque!$M$39,Bosque!$M$40),IF(Datos!$F$55<=Bosque!$E$41,Bosque!$M$42,Bosque!$M$43)) | K55: =IF(Datos!$G$55<=Bosque!$E$44,IF(Datos!$H$55<=Bosque!$E$45,Bosque!$M$46,Bosque!$M$47),IF(Datos!$F$55<=Bosque!$E$48,Bosque!$M$49,Bosque!$M$50)) | L55: =AVERAGE(E55:K55) | M55: =$M$2 | N55: =IF(L55>=M55,"Sí","No") | O55: =--AND(C55=1,N55="Sí") | P55: =--AND(C55=0,N55="Sí") | Q55: =--AND(C55=1,N55="No") | R55: =--AND(C55=0,N55="No") | S55: =--(C55=--(L55>=M55)) | T55: =O55*60000-P55*3000
A56: =Datos!A56 | B56: =Datos!B56 | C56: =Datos!D56 | D56: 56 | E56: =IF(Datos!$G$56<=Bosque!$E$4,IF(Datos!$H$56<=Bosque!$E$5,Bosque!$M$6,Bosque!$M$7),IF(Datos!$G$56<=Bosque!$E$8,Bosque!$M$9,Bosque!$M$10)) | F56: =IF(Datos!$H$56<=Bosque!$E$11,IF(Datos!$E$56<=Bosque!$E$12,Bosque!$M$13,Bosque!$M$14),IF(Datos!$I$56<=Bosque!$E$15,Bosque!$M$16,Bosque!$M$17)) | G56: =IF(Datos!$E$56<=Bosque!$E$18,IF(Datos!$I$56<=Bosque!$E$19,Bosque!$M$20,Bosque!$M$21),Bosque!$M$22) | H56: =IF(Datos!$E$56<=Bosque!$E$23,IF(Datos!$E$56<=Bosque!$E$24,Bosque!$M$25,Bosque!$M$26),IF(Datos!$E$56<=Bosque!$E$27,Bosque!$M$28,Bosque!$M$29)) | I56: =IF(Datos!$G$56<=Bosque!$E$30,IF(Datos!$E$56<=Bosque!$E$31,Bosque!$M$32,Bosque!$M$33),IF(Datos!$E$56<=Bosque!$E$34,Bosque!$M$35,Bosque!$M$36)) | J56: =IF(Datos!$I$56<=Bosque!$E$37,IF(Datos!$H$56<=Bosque!$E$38,Bosque!$M$39,Bosque!$M$40),IF(Datos!$F$56<=Bosque!$E$41,Bosque!$M$42,Bosque!$M$43)) | K56: =IF(Datos!$G$56<=Bosque!$E$44,IF(Datos!$H$56<=Bosque!$E$45,Bosque!$M$46,Bosque!$M$47),IF(Datos!$F$56<=Bosque!$E$48,Bosque!$M$49,Bosque!$M$50)) | L56: =AVERAGE(E56:K56) | M56: =$M$2 | N56: =IF(L56>=M56,"Sí","No") | O56: =--AND(C56=1,N56="Sí") | P56: =--AND(C56=0,N56="Sí") | Q56: =--AND(C56=1,N56="No") | R56: =--AND(C56=0,N56="No") | S56: =--(C56=--(L56>=M56)) | T56: =O56*60000-P56*3000
A57: =Datos!A57 | B57: =Datos!B57 | C57: =Datos!D57 | D57: 57 | E57: =IF(Datos!$G$57<=Bosque!$E$4,IF(Datos!$H$57<=Bosque!$E$5,Bosque!$M$6,Bosque!$M$7),IF(Datos!$G$57<=Bosque!$E$8,Bosque!$M$9,Bosque!$M$10)) | F57: =IF(Datos!$H$57<=Bosque!$E$11,IF(Datos!$E$57<=Bosque!$E$12,Bosque!$M$13,Bosque!$M$14),IF(Datos!$I$57<=Bosque!$E$15,Bosque!$M$16,Bosque!$M$17)) | G57: =IF(Datos!$E$57<=Bosque!$E$18,IF(Datos!$I$57<=Bosque!$E$19,Bosque!$M$20,Bosque!$M$21),Bosque!$M$22) | H57: =IF(Datos!$E$57<=Bosque!$E$23,IF(Datos!$E$57<=Bosque!$E$24,Bosque!$M$25,Bosque!$M$26),IF(Datos!$E$57<=Bosque!$E$27,Bosque!$M$28,Bosque!$M$29)) | I57: =IF(Datos!$G$57<=Bosque!$E$30,IF(Datos!$E$57<=Bosque!$E$31,Bosque!$M$32,Bosque!$M$33),IF(Datos!$E$57<=Bosque!$E$34,Bosque!$M$35,Bosque!$M$36)) | J57: =IF(Datos!$I$57<=Bosque!$E$37,IF(Datos!$H$57<=Bosque!$E$38,Bosque!$M$39,Bosque!$M$40),IF(Datos!$F$57<=Bosque!$E$41,Bosque!$M$42,Bosque!$M$43)) | K57: =IF(Datos!$G$57<=Bosque!$E$44,IF(Datos!$H$57<=Bosque!$E$45,Bosque!$M$46,Bosque!$M$47),IF(Datos!$F$57<=Bosque!$E$48,Bosque!$M$49,Bosque!$M$50)) | L57: =AVERAGE(E57:K57) | M57: =$M$2 | N57: =IF(L57>=M57,"Sí","No") | O57: =--AND(C57=1,N57="Sí") | P57: =--AND(C57=0,N57="Sí") | Q57: =--AND(C57=1,N57="No") | R57: =--AND(C57=0,N57="No") | S57: =--(C57=--(L57>=M57)) | T57: =O57*60000-P57*3000
A58: =Datos!A58 | B58: =Datos!B58 | C58: =Datos!D58 | D58: 58 | E58: =IF(Datos!$G$58<=Bosque!$E$4,IF(Datos!$H$58<=Bosque!$E$5,Bosque!$M$6,Bosque!$M$7),IF(Datos!$G$58<=Bosque!$E$8,Bosque!$M$9,Bosque!$M$10)) | F58: =IF(Datos!$H$58<=Bosque!$E$11,IF(Datos!$E$58<=Bosque!$E$12,Bosque!$M$13,Bosque!$M$14),IF(Datos!$I$58<=Bosque!$E$15,Bosque!$M$16,Bosque!$M$17)) | G58: =IF(Datos!$E$58<=Bosque!$E$18,IF(Datos!$I$58<=Bosque!$E$19,Bosque!$M$20,Bosque!$M$21),Bosque!$M$22) | H58: =IF(Datos!$E$58<=Bosque!$E$23,IF(Datos!$E$58<=Bosque!$E$24,Bosque!$M$25,Bosque!$M$26),IF(Datos!$E$58<=Bosque!$E$27,Bosque!$M$28,Bosque!$M$29)) | I58: =IF(Datos!$G$58<=Bosque!$E$30,IF(Datos!$E$58<=Bosque!$E$31,Bosque!$M$32,Bosque!$M$33),IF(Datos!$E$58<=Bosque!$E$34,Bosque!$M$35,Bosque!$M$36)) | J58: =IF(Datos!$I$58<=Bosque!$E$37,IF(Datos!$H$58<=Bosque!$E$38,Bosque!$M$39,Bosque!$M$40),IF(Datos!$F$58<=Bosque!$E$41,Bosque!$M$42,Bosque!$M$43)) | K58: =IF(Datos!$G$58<=Bosque!$E$44,IF(Datos!$H$58<=Bosque!$E$45,Bosque!$M$46,Bosque!$M$47),IF(Datos!$F$58<=Bosque!$E$48,Bosque!$M$49,Bosque!$M$50)) | L58: =AVERAGE(E58:K58) | M58: =$M$2 | N58: =IF(L58>=M58,"Sí","No") | O58: =--AND(C58=1,N58="Sí") | P58: =--AND(C58=0,N58="Sí") | Q58: =--AND(C58=1,N58="No") | R58: =--AND(C58=0,N58="No") | S58: =--(C58=--(L58>=M58)) | T58: =O58*60000-P58*3000
A59: =Datos!A59 | B59: =Datos!B59 | C59: =Datos!D59 | D59: 59 | E59: =IF(Datos!$G$59<=Bosque!$E$4,IF(Datos!$H$59<=Bosque!$E$5,Bosque!$M$6,Bosque!$M$7),IF(Datos!$G$59<=Bosque!$E$8,Bosque!$M$9,Bosque!$M$10)) | F59: =IF(Datos!$H$59<=Bosque!$E$11,IF(Datos!$E$59<=Bosque!$E$12,Bosque!$M$13,Bosque!$M$14),IF(Datos!$I$59<=Bosque!$E$15,Bosque!$M$16,Bosque!$M$17)) | G59: =IF(Datos!$E$59<=Bosque!$E$18,IF(Datos!$I$59<=Bosque!$E$19,Bosque!$M$20,Bosque!$M$21),Bosque!$M$22) | H59: =IF(Datos!$E$59<=Bosque!$E$23,IF(Datos!$E$59<=Bosque!$E$24,Bosque!$M$25,Bosque!$M$26),IF(Datos!$E$59<=Bosque!$E$27,Bosque!$M$28,Bosque!$M$29)) | I59: =IF(Datos!$G$59<=Bosque!$E$30,IF(Datos!$E$59<=Bosque!$E$31,Bosque!$M$32,Bosque!$M$33),IF(Datos!$E$59<=Bosque!$E$34,Bosque!$M$35,Bosque!$M$36)) | J59: =IF(Datos!$I$59<=Bosque!$E$37,IF(Datos!$H$59<=Bosque!$E$38,Bosque!$M$39,Bosque!$M$40),IF(Datos!$F$59<=Bosque!$E$41,Bosque!$M$42,Bosque!$M$43)) | K59: =IF(Datos!$G$59<=Bosque!$E$44,IF(Datos!$H$59<=Bosque!$E$45,Bosque!$M$46,Bosque!$M$47),IF(Datos!$F$59<=Bosque!$E$48,Bosque!$M$49,Bosque!$M$50)) | L59: =AVERAGE(E59:K59) | M59: =$M$2 | N59: =IF(L59>=M59,"Sí","No") | O59: =--AND(C59=1,N59="Sí") | P59: =--AND(C59=0,N59="Sí") | Q59: =--AND(C59=1,N59="No") | R59: =--AND(C59=0,N59="No") | S59: =--(C59=--(L59>=M59)) | T59: =O59*60000-P59*3000
A60: =Datos!A60 | B60: =Datos!B60 | C60: =Datos!D60 | D60: 60 | E60: =IF(Datos!$G$60<=Bosque!$E$4,IF(Datos!$H$60<=Bosque!$E$5,Bosque!$M$6,Bosque!$M$7),IF(Datos!$G$60<=Bosque!$E$8,Bosque!$M$9,Bosque!$M$10)) | F60: =IF(Datos!$H$60<=Bosque!$E$11,IF(Datos!$E$60<=Bosque!$E$12,Bosque!$M$13,Bosque!$M$14),IF(Datos!$I$60<=Bosque!$E$15,Bosque!$M$16,Bosque!$M$17)) | G60: =IF(Datos!$E$60<=Bosque!$E$18,IF(Datos!$I$60<=Bosque!$E$19,Bosque!$M$20,Bosque!$M$21),Bosque!$M$22) | H60: =IF(Datos!$E$60<=Bosque!$E$23,IF(Datos!$E$60<=Bosque!$E$24,Bosque!$M$25,Bosque!$M$26),IF(Datos!$E$60<=Bosque!$E$27,Bosque!$M$28,Bosque!$M$29)) | I60: =IF(Datos!$G$60<=Bosque!$E$30,IF(Datos!$E$60<=Bosque!$E$31,Bosque!$M$32,Bosque!$M$33),IF(Datos!$E$60<=Bosque!$E$34,Bosque!$M$35,Bosque!$M$36)) | J60: =IF(Datos!$I$60<=Bosque!$E$37,IF(Datos!$H$60<=Bosque!$E$38,Bosque!$M$39,Bosque!$M$40),IF(Datos!$F$60<=Bosque!$E$41,Bosque!$M$42,Bosque!$M$43)) | K60: =IF(Datos!$G$60<=Bosque!$E$44,IF(Datos!$H$60<=Bosque!$E$45,Bosque!$M$46,Bosque!$M$47),IF(Datos!$F$60<=Bosque!$E$48,Bosque!$M$49,Bosque!$M$50)) | L60: =AVERAGE(E60:K60) | M60: =$M$2 | N60: =IF(L60>=M60,"Sí","No") | O60: =--AND(C60=1,N60="Sí") | P60: =--AND(C60=0,N60="Sí") | Q60: =--AND(C60=1,N60="No") | R60: =--AND(C60=0,N60="No") | S60: =--(C60=--(L60>=M60)) | T60: =O60*60000-P60*3000
A61: =Datos!A61 | B61: =Datos!B61 | C61: =Datos!D61 | D61: 61 | E61: =IF(Datos!$G$61<=Bosque!$E$4,IF(Datos!$H$61<=Bosque!$E$5,Bosque!$M$6,Bosque!$M$7),IF(Datos!$G$61<=Bosque!$E$8,Bosque!$M$9,Bosque!$M$10)) | F61: =IF(Datos!$H$61<=Bosque!$E$11,IF(Datos!$E$61<=Bosque!$E$12,Bosque!$M$13,Bosque!$M$14),IF(Datos!$I$61<=Bosque!$E$15,Bosque!$M$16,Bosque!$M$17)) | G61: =IF(Datos!$E$61<=Bosque!$E$18,IF(Datos!$I$61<=Bosque!$E$19,Bosque!$M$20,Bosque!$M$21),Bosque!$M$22) | H61: =IF(Datos!$E$61<=Bosque!$E$23,IF(Datos!$E$61<=Bosque!$E$24,Bosque!$M$25,Bosque!$M$26),IF(Datos!$E$61<=Bosque!$E$27,Bosque!$M$28,Bosque!$M$29)) | I61: =IF(Datos!$G$61<=Bosque!$E$30,IF(Datos!$E$61<=Bosque!$E$31,Bosque!$M$32,Bosque!$M$33),IF(Datos!$E$61<=Bosque!$E$34,Bosque!$M$35,Bosque!$M$36)) | J61: =IF(Datos!$I$61<=Bosque!$E$37,IF(Datos!$H$61<=Bosque!$E$38,Bosque!$M$39,Bosque!$M$40),IF(Datos!$F$61<=Bosque!$E$41,Bosque!$M$42,Bosque!$M$43)) | K61: =IF(Datos!$G$61<=Bosque!$E$44,IF(Datos!$H$61<=Bosque!$E$45,Bosque!$M$46,Bosque!$M$47),IF(Datos!$F$61<=Bosque!$E$48,Bosque!$M$49,Bosque!$M$50)) | L61: =AVERAGE(E61:K61) | M61: =$M$2 | N61: =IF(L61>=M61,"Sí","No") | O61: =--AND(C61=1,N61="Sí") | P61: =--AND(C61=0,N61="Sí") | Q61: =--AND(C61=1,N61="No") | R61: =--AND(C61=0,N61="No") | S61: =--(C61=--(L61>=M61)) | T61: =O61*60000-P61*3000
A62: =Datos!A62 | B62: =Datos!B62 | C62: =Datos!D62 | D62: 62 | E62: =IF(Datos!$G$62<=Bosque!$E$4,IF(Datos!$H$62<=Bosque!$E$5,Bosque!$M$6,Bosque!$M$7),IF(Datos!$G$62<=Bosque!$E$8,Bosque!$M$9,Bosque!$M$10)) | F62: =IF(Datos!$H$62<=Bosque!$E$11,IF(Datos!$E$62<=Bosque!$E$12,Bosque!$M$13,Bosque!$M$14),IF(Datos!$I$62<=Bosque!$E$15,Bosque!$M$16,Bosque!$M$17)) | G62: =IF(Datos!$E$62<=Bosque!$E$18,IF(Datos!$I$62<=Bosque!$E$19,Bosque!$M$20,Bosque!$M$21),Bosque!$M$22) | H62: =IF(Datos!$E$62<=Bosque!$E$23,IF(Datos!$E$62<=Bosque!$E$24,Bosque!$M$25,Bosque!$M$26),IF(Datos!$E$62<=Bosque!$E$27,Bosque!$M$28,Bosque!$M$29)) | I62: =IF(Datos!$G$62<=Bosque!$E$30,IF(Datos!$E$62<=Bosque!$E$31,Bosque!$M$32,Bosque!$M$33),IF(Datos!$E$62<=Bosque!$E$34,Bosque!$M$35,Bosque!$M$36)) | J62: =IF(Datos!$I$62<=Bosque!$E$37,IF(Datos!$H$62<=Bosque!$E$38,Bosque!$M$39,Bosque!$M$40),IF(Datos!$F$62<=Bosque!$E$41,Bosque!$M$42,Bosque!$M$43)) | K62: =IF(Datos!$G$62<=Bosque!$E$44,IF(Datos!$H$62<=Bosque!$E$45,Bosque!$M$46,Bosque!$M$47),IF(Datos!$F$62<=Bosque!$E$48,Bosque!$M$49,Bosque!$M$50)) | L62: =AVERAGE(E62:K62) | M62: =$M$2 | N62: =IF(L62>=M62,"Sí","No") | O62: =--AND(C62=1,N62="Sí") | P62: =--AND(C62=0,N62="Sí") | Q62: =--AND(C62=1,N62="No") | R62: =--AND(C62=0,N62="No") | S62: =--(C62=--(L62>=M62)) | T62: =O62*60000-P62*3000
A63: =Datos!A63 | B63: =Datos!B63 | C63: =Datos!D63 | D63: 63 | E63: =IF(Datos!$G$63<=Bosque!$E$4,IF(Datos!$H$63<=Bosque!$E$5,Bosque!$M$6,Bosque!$M$7),IF(Datos!$G$63<=Bosque!$E$8,Bosque!$M$9,Bosque!$M$10)) | F63: =IF(Datos!$H$63<=Bosque!$E$11,IF(Datos!$E$63<=Bosque!$E$12,Bosque!$M$13,Bosque!$M$14),IF(Datos!$I$63<=Bosque!$E$15,Bosque!$M$16,Bosque!$M$17)) | G63: =IF(Datos!$E$63<=Bosque!$E$18,IF(Datos!$I$63<=Bosque!$E$19,Bosque!$M$20,Bosque!$M$21),Bosque!$M$22) | H63: =IF(Datos!$E$63<=Bosque!$E$23,IF(Datos!$E$63<=Bosque!$E$24,Bosque!$M$25,Bosque!$M$26),IF(Datos!$E$63<=Bosque!$E$27,Bosque!$M$28,Bosque!$M$29)) | I63: =IF(Datos!$G$63<=Bosque!$E$30,IF(Datos!$E$63<=Bosque!$E$31,Bosque!$M$32,Bosque!$M$33),IF(Datos!$E$63<=Bosque!$E$34,Bosque!$M$35,Bosque!$M$36)) | J63: =IF(Datos!$I$63<=Bosque!$E$37,IF(Datos!$H$63<=Bosque!$E$38,Bosque!$M$39,Bosque!$M$40),IF(Datos!$F$63<=Bosque!$E$41,Bosque!$M$42,Bosque!$M$43)) | K63: =IF(Datos!$G$63<=Bosque!$E$44,IF(Datos!$H$63<=Bosque!$E$45,Bosque!$M$46,Bosque!$M$47),IF(Datos!$F$63<=Bosque!$E$48,Bosque!$M$49,Bosque!$M$50)) | L63: =AVERAGE(E63:K63) | M63: =$M$2 | N63: =IF(L63>=M63,"Sí","No") | O63: =--AND(C63=1,N63="Sí") | P63: =--AND(C63=0,N63="Sí") | Q63: =--AND(C63=1,N63="No") | R63: =--AND(C63=0,N63="No") | S63: =--(C63=--(L63>=M63)) | T63: =O63*60000-P63*3000
A64: =Datos!A64 | B64: =Datos!B64 | C64: =Datos!D64 | D64: 64 | E64: =IF(Datos!$G$64<=Bosque!$E$4,IF(Datos!$H$64<=Bosque!$E$5,Bosque!$M$6,Bosque!$M$7),IF(Datos!$G$64<=Bosque!$E$8,Bosque!$M$9,Bosque!$M$10)) | F64: =IF(Datos!$H$64<=Bosque!$E$11,IF(Datos!$E$64<=Bosque!$E$12,Bosque!$M$13,Bosque!$M$14),IF(Datos!$I$64<=Bosque!$E$15,Bosque!$M$16,Bosque!$M$17)) | G64: =IF(Datos!$E$64<=Bosque!$E$18,IF(Datos!$I$64<=Bosque!$E$19,Bosque!$M$20,Bosque!$M$21),Bosque!$M$22) | H64: =IF(Datos!$E$64<=Bosque!$E$23,IF(Datos!$E$64<=Bosque!$E$24,Bosque!$M$25,Bosque!$M$26),IF(Datos!$E$64<=Bosque!$E$27,Bosque!$M$28,Bosque!$M$29)) | I64: =IF(Datos!$G$64<=Bosque!$E$30,IF(Datos!$E$64<=Bosque!$E$31,Bosque!$M$32,Bosque!$M$33),IF(Datos!$E$64<=Bosque!$E$34,Bosque!$M$35,Bosque!$M$36)) | J64: =IF(Datos!$I$64<=Bosque!$E$37,IF(Datos!$H$64<=Bosque!$E$38,Bosque!$M$39,Bosque!$M$40),IF(Datos!$F$64<=Bosque!$E$41,Bosque!$M$42,Bosque!$M$43)) | K64: =IF(Datos!$G$64<=Bosque!$E$44,IF(Datos!$H$64<=Bosque!$E$45,Bosque!$M$46,Bosque!$M$47),IF(Datos!$F$64<=Bosque!$E$48,Bosque!$M$49,Bosque!$M$50)) | L64: =AVERAGE(E64:K64) | M64: =$M$2 | N64: =IF(L64>=M64,"Sí","No") | O64: =--AND(C64=1,N64="Sí") | P64: =--AND(C64=0,N64="Sí") | Q64: =--AND(C64=1,N64="No") | R64: =--AND(C64=0,N64="No") | S64: =--(C64=--(L64>=M64)) | T64: =O64*60000-P64*3000
A65: =Datos!A65 | B65: =Datos!B65 | C65: =Datos!D65 | D65: 65 | E65: =IF(Datos!$G$65<=Bosque!$E$4,IF(Datos!$H$65<=Bosque!$E$5,Bosque!$M$6,Bosque!$M$7),IF(Datos!$G$65<=Bosque!$E$8,Bosque!$M$9,Bosque!$M$10)) | F65: =IF(Datos!$H$65<=Bosque!$E$11,IF(Datos!$E$65<=Bosque!$E$12,Bosque!$M$13,Bosque!$M$14),IF(Datos!$I$65<=Bosque!$E$15,Bosque!$M$16,Bosque!$M$17)) | G65: =IF(Datos!$E$65<=Bosque!$E$18,IF(Datos!$I$65<=Bosque!$E$19,Bosque!$M$20,Bosque!$M$21),Bosque!$M$22) | H65: =IF(Datos!$E$65<=Bosque!$E$23,IF(Datos!$E$65<=Bosque!$E$24,Bosque!$M$25,Bosque!$M$26),IF(Datos!$E$65<=Bosque!$E$27,Bosque!$M$28,Bosque!$M$29)) | I65: =IF(Datos!$G$65<=Bosque!$E$30,IF(Datos!$E$65<=Bosque!$E$31,Bosque!$M$32,Bosque!$M$33),IF(Datos!$E$65<=Bosque!$E$34,Bosque!$M$35,Bosque!$M$36)) | J65: =IF(Datos!$I$65<=Bosque!$E$37,IF(Datos!$H$65<=Bosque!$E$38,Bosque!$M$39,Bosque!$M$40),IF(Datos!$F$65<=Bosque!$E$41,Bosque!$M$42,Bosque!$M$43)) | K65: =IF(Datos!$G$65<=Bosque!$E$44,IF(Datos!$H$65<=Bosque!$E$45,Bosque!$M$46,Bosque!$M$47),IF(Datos!$F$65<=Bosque!$E$48,Bosque!$M$49,Bosque!$M$50)) | L65: =AVERAGE(E65:K65) | M65: =$M$2 | N65: =IF(L65>=M65,"Sí","No") | O65: =--AND(C65=1,N65="Sí") | P65: =--AND(C65=0,N65="Sí") | Q65: =--AND(C65=1,N65="No") | R65: =--AND(C65=0,N65="No") | S65: =--(C65=--(L65>=M65)) | T65: =O65*60000-P65*3000
A66: =Datos!A66 | B66: =Datos!B66 | C66: =Datos!D66 | D66: 66 | E66: =IF(Datos!$G$66<=Bosque!$E$4,IF(Datos!$H$66<=Bosque!$E$5,Bosque!$M$6,Bosque!$M$7),IF(Datos!$G$66<=Bosque!$E$8,Bosque!$M$9,Bosque!$M$10)) | F66: =IF(Datos!$H$66<=Bosque!$E$11,IF(Datos!$E$66<=Bosque!$E$12,Bosque!$M$13,Bosque!$M$14),IF(Datos!$I$66<=Bosque!$E$15,Bosque!$M$16,Bosque!$M$17)) | G66: =IF(Datos!$E$66<=Bosque!$E$18,IF(Datos!$I$66<=Bosque!$E$19,Bosque!$M$20,Bosque!$M$21),Bosque!$M$22) | H66: =IF(Datos!$E$66<=Bosque!$E$23,IF(Datos!$E$66<=Bosque!$E$24,Bosque!$M$25,Bosque!$M$26),IF(Datos!$E$66<=Bosque!$E$27,Bosque!$M$28,Bosque!$M$29)) | I66: =IF(Datos!$G$66<=Bosque!$E$30,IF(Datos!$E$66<=Bosque!$E$31,Bosque!$M$32,Bosque!$M$33),IF(Datos!$E$66<=Bosque!$E$34,Bosque!$M$35,Bosque!$M$36)) | J66: =IF(Datos!$I$66<=Bosque!$E$37,IF(Datos!$H$66<=Bosque!$E$38,Bosque!$M$39,Bosque!$M$40),IF(Datos!$F$66<=Bosque!$E$41,Bosque!$M$42,Bosque!$M$43)) | K66: =IF(Datos!$G$66<=Bosque!$E$44,IF(Datos!$H$66<=Bosque!$E$45,Bosque!$M$46,Bosque!$M$47),IF(Datos!$F$66<=Bosque!$E$48,Bosque!$M$49,Bosque!$M$50)) | L66: =AVERAGE(E66:K66) | M66: =$M$2 | N66: =IF(L66>=M66,"Sí","No") | O66: =--AND(C66=1,N66="Sí") | P66: =--AND(C66=0,N66="Sí") | Q66: =--AND(C66=1,N66="No") | R66: =--AND(C66=0,N66="No") | S66: =--(C66=--(L66>=M66)) | T66: =O66*60000-P66*3000
A67: =Datos!A67 | B67: =Datos!B67 | C67: =Datos!D67 | D67: 67 | E67: =IF(Datos!$G$67<=Bosque!$E$4,IF(Datos!$H$67<=Bosque!$E$5,Bosque!$M$6,Bosque!$M$7),IF(Datos!$G$67<=Bosque!$E$8,Bosque!$M$9,Bosque!$M$10)) | F67: =IF(Datos!$H$67<=Bosque!$E$11,IF(Datos!$E$67<=Bosque!$E$12,Bosque!$M$13,Bosque!$M$14),IF(Datos!$I$67<=Bosque!$E$15,Bosque!$M$16,Bosque!$M$17)) | G67: =IF(Datos!$E$67<=Bosque!$E$18,IF(Datos!$I$67<=Bosque!$E$19,Bosque!$M$20,Bosque!$M$21),Bosque!$M$22) | H67: =IF(Datos!$E$67<=Bosque!$E$23,IF(Datos!$E$67<=Bosque!$E$24,Bosque!$M$25,Bosque!$M$26),IF(Datos!$E$67<=Bosque!$E$27,Bosque!$M$28,Bosque!$M$29)) | I67: =IF(Datos!$G$67<=Bosque!$E$30,IF(Datos!$E$67<=Bosque!$E$31,Bosque!$M$32,Bosque!$M$33),IF(Datos!$E$67<=Bosque!$E$34,Bosque!$M$35,Bosque!$M$36)) | J67: =IF(Datos!$I$67<=Bosque!$E$37,IF(Datos!$H$67<=Bosque!$E$38,Bosque!$M$39,Bosque!$M$40),IF(Datos!$F$67<=Bosque!$E$41,Bosque!$M$42,Bosque!$M$43)) | K67: =IF(Datos!$G$67<=Bosque!$E$44,IF(Datos!$H$67<=Bosque!$E$45,Bosque!$M$46,Bosque!$M$47),IF(Datos!$F$67<=Bosque!$E$48,Bosque!$M$49,Bosque!$M$50)) | L67: =AVERAGE(E67:K67) | M67: =$M$2 | N67: =IF(L67>=M67,"Sí","No") | O67: =--AND(C67=1,N67="Sí") | P67: =--AND(C67=0,N67="Sí") | Q67: =--AND(C67=1,N67="No") | R67: =--AND(C67=0,N67="No") | S67: =--(C67=--(L67>=M67)) | T67: =O67*60000-P67*3000
A68: =Datos!A68 | B68: =Datos!B68 | C68: =Datos!D68 | D68: 68 | E68: =IF(Datos!$G$68<=Bosque!$E$4,IF(Datos!$H$68<=Bosque!$E$5,Bosque!$M$6,Bosque!$M$7),IF(Datos!$G$68<=Bosque!$E$8,Bosque!$M$9,Bosque!$M$10)) | F68: =IF(Datos!$H$68<=Bosque!$E$11,IF(Datos!$E$68<=Bosque!$E$12,Bosque!$M$13,Bosque!$M$14),IF(Datos!$I$68<=Bosque!$E$15,Bosque!$M$16,Bosque!$M$17)) | G68: =IF(Datos!$E$68<=Bosque!$E$18,IF(Datos!$I$68<=Bosque!$E$19,Bosque!$M$20,Bosque!$M$21),Bosque!$M$22) | H68: =IF(Datos!$E$68<=Bosque!$E$23,IF(Datos!$E$68<=Bosque!$E$24,Bosque!$M$25,Bosque!$M$26),IF(Datos!$E$68<=Bosque!$E$27,Bosque!$M$28,Bosque!$M$29)) | I68: =IF(Datos!$G$68<=Bosque!$E$30,IF(Datos!$E$68<=Bosque!$E$31,Bosque!$M$32,Bosque!$M$33),IF(Datos!$E$68<=Bosque!$E$34,Bosque!$M$35,Bosque!$M$36)) | J68: =IF(Datos!$I$68<=Bosque!$E$37,IF(Datos!$H$68<=Bosque!$E$38,Bosque!$M$39,Bosque!$M$40),IF(Datos!$F$68<=Bosque!$E$41,Bosque!$M$42,Bosque!$M$43)) | K68: =IF(Datos!$G$68<=Bosque!$E$44,IF(Datos!$H$68<=Bosque!$E$45,Bosque!$M$46,Bosque!$M$47),IF(Datos!$F$68<=Bosque!$E$48,Bosque!$M$49,Bosque!$M$50)) | L68: =AVERAGE(E68:K68) | M68: =$M$2 | N68: =IF(L68>=M68,"Sí","No") | O68: =--AND(C68=1,N68="Sí") | P68: =--AND(C68=0,N68="Sí") | Q68: =--AND(C68=1,N68="No") | R68: =--AND(C68=0,N68="No") | S68: =--(C68=--(L68>=M68)) | T68: =O68*60000-P68*3000
A69: =Datos!A69 | B69: =Datos!B69 | C69: =Datos!D69 | D69: 69 | E69: =IF(Datos!$G$69<=Bosque!$E$4,IF(Datos!$H$69<=Bosque!$E$5,Bosque!$M$6,Bosque!$M$7),IF(Datos!$G$69<=Bosque!$E$8,Bosque!$M$9,Bosque!$M$10)) | F69: =IF(Datos!$H$69<=Bosque!$E$11,IF(Datos!$E$69<=Bosque!$E$12,Bosque!$M$13,Bosque!$M$14),IF(Datos!$I$69<=Bosque!$E$15,Bosque!$M$16,Bosque!$M$17)) | G69: =IF(Datos!$E$69<=Bosque!$E$18,IF(Datos!$I$69<=Bosque!$E$19,Bosque!$M$20,Bosque!$M$21),Bosque!$M$22) | H69: =IF(Datos!$E$69<=Bosque!$E$23,IF(Datos!$E$69<=Bosque!$E$24,Bosque!$M$25,Bosque!$M$26),IF(Datos!$E$69<=Bosque!$E$27,Bosque!$M$28,Bosque!$M$29)) | I69: =IF(Datos!$G$69<=Bosque!$E$30,IF(Datos!$E$69<=Bosque!$E$31,Bosque!$M$32,Bosque!$M$33),IF(Datos!$E$69<=Bosque!$E$34,Bosque!$M$35,Bosque!$M$36)) | J69: =IF(Datos!$I$69<=Bosque!$E$37,IF(Datos!$H$69<=Bosque!$E$38,Bosque!$M$39,Bosque!$M$40),IF(Datos!$F$69<=Bosque!$E$41,Bosque!$M$42,Bosque!$M$43)) | K69: =IF(Datos!$G$69<=Bosque!$E$44,IF(Datos!$H$69<=Bosque!$E$45,Bosque!$M$46,Bosque!$M$47),IF(Datos!$F$69<=Bosque!$E$48,Bosque!$M$49,Bosque!$M$50)) | L69: =AVERAGE(E69:K69) | M69: =$M$2 | N69: =IF(L69>=M69,"Sí","No") | O69: =--AND(C69=1,N69="Sí") | P69: =--AND(C69=0,N69="Sí") | Q69: =--AND(C69=1,N69="No") | R69: =--AND(C69=0,N69="No") | S69: =--(C69=--(L69>=M69)) | T69: =O69*60000-P69*3000
A70: =Datos!A70 | B70: =Datos!B70 | C70: =Datos!D70 | D70: 70 | E70: =IF(Datos!$G$70<=Bosque!$E$4,IF(Datos!$H$70<=Bosque!$E$5,Bosque!$M$6,Bosque!$M$7),IF(Datos!$G$70<=Bosque!$E$8,Bosque!$M$9,Bosque!$M$10)) | F70: =IF(Datos!$H$70<=Bosque!$E$11,IF(Datos!$E$70<=Bosque!$E$12,Bosque!$M$13,Bosque!$M$14),IF(Datos!$I$70<=Bosque!$E$15,Bosque!$M$16,Bosque!$M$17)) | G70: =IF(Datos!$E$70<=Bosque!$E$18,IF(Datos!$I$70<=Bosque!$E$19,Bosque!$M$20,Bosque!$M$21),Bosque!$M$22) | H70: =IF(Datos!$E$70<=Bosque!$E$23,IF(Datos!$E$70<=Bosque!$E$24,Bosque!$M$25,Bosque!$M$26),IF(Datos!$E$70<=Bosque!$E$27,Bosque!$M$28,Bosque!$M$29)) | I70: =IF(Datos!$G$70<=Bosque!$E$30,IF(Datos!$E$70<=Bosque!$E$31,Bosque!$M$32,Bosque!$M$33),IF(Datos!$E$70<=Bosque!$E$34,Bosque!$M$35,Bosque!$M$36)) | J70: =IF(Datos!$I$70<=Bosque!$E$37,IF(Datos!$H$70<=Bosque!$E$38,Bosque!$M$39,Bosque!$M$40),IF(Datos!$F$70<=Bosque!$E$41,Bosque!$M$42,Bosque!$M$43)) | K70: =IF(Datos!$G$70<=Bosque!$E$44,IF(Datos!$H$70<=Bosque!$E$45,Bosque!$M$46,Bosque!$M$47),IF(Datos!$F$70<=Bosque!$E$48,Bosque!$M$49,Bosque!$M$50)) | L70: =AVERAGE(E70:K70) | M70: =$M$2 | N70: =IF(L70>=M70,"Sí","No") | O70: =--AND(C70=1,N70="Sí") | P70: =--AND(C70=0,N70="Sí") | Q70: =--AND(C70=1,N70="No") | R70: =--AND(C70=0,N70="No") | S70: =--(C70=--(L70>=M70)) | T70: =O70*60000-P70*3000
A71: =Datos!A71 | B71: =Datos!B71 | C71: =Datos!D71 | D71: 71 | E71: =IF(Datos!$G$71<=Bosque!$E$4,IF(Datos!$H$71<=Bosque!$E$5,Bosque!$M$6,Bosque!$M$7),IF(Datos!$G$71<=Bosque!$E$8,Bosque!$M$9,Bosque!$M$10)) | F71: =IF(Datos!$H$71<=Bosque!$E$11,IF(Datos!$E$71<=Bosque!$E$12,Bosque!$M$13,Bosque!$M$14),IF(Datos!$I$71<=Bosque!$E$15,Bosque!$M$16,Bosque!$M$17)) | G71: =IF(Datos!$E$71<=Bosque!$E$18,IF(Datos!$I$71<=Bosque!$E$19,Bosque!$M$20,Bosque!$M$21),Bosque!$M$22) | H71: =IF(Datos!$E$71<=Bosque!$E$23,IF(Datos!$E$71<=Bosque!$E$24,Bosque!$M$25,Bosque!$M$26),IF(Datos!$E$71<=Bosque!$E$27,Bosque!$M$28,Bosque!$M$29)) | I71: =IF(Datos!$G$71<=Bosque!$E$30,IF(Datos!$E$71<=Bosque!$E$31,Bosque!$M$32,Bosque!$M$33),IF(Datos!$E$71<=Bosque!$E$34,Bosque!$M$35,Bosque!$M$36)) | J71: =IF(Datos!$I$71<=Bosque!$E$37,IF(Datos!$H$71<=Bosque!$E$38,Bosque!$M$39,Bosque!$M$40),IF(Datos!$F$71<=Bosque!$E$41,Bosque!$M$42,Bosque!$M$43)) | K71: =IF(Datos!$G$71<=Bosque!$E$44,IF(Datos!$H$71<=Bosque!$E$45,Bosque!$M$46,Bosque!$M$47),IF(Datos!$F$71<=Bosque!$E$48,Bosque!$M$49,Bosque!$M$50)) | L71: =AVERAGE(E71:K71) | M71: =$M$2 | N71: =IF(L71>=M71,"Sí","No") | O71: =--AND(C71=1,N71="Sí") | P71: =--AND(C71=0,N71="Sí") | Q71: =--AND(C71=1,N71="No") | R71: =--AND(C71=0,N71="No") | S71: =--(C71=--(L71>=M71)) | T71: =O71*60000-P71*3000
A72: =Datos!A72 | B72: =Datos!B72 | C72: =Datos!D72 | D72: 72 | E72: =IF(Datos!$G$72<=Bosque!$E$4,IF(Datos!$H$72<=Bosque!$E$5,Bosque!$M$6,Bosque!$M$7),IF(Datos!$G$72<=Bosque!$E$8,Bosque!$M$9,Bosque!$M$10)) | F72: =IF(Datos!$H$72<=Bosque!$E$11,IF(Datos!$E$72<=Bosque!$E$12,Bosque!$M$13,Bosque!$M$14),IF(Datos!$I$72<=Bosque!$E$15,Bosque!$M$16,Bosque!$M$17)) | G72: =IF(Datos!$E$72<=Bosque!$E$18,IF(Datos!$I$72<=Bosque!$E$19,Bosque!$M$20,Bosque!$M$21),Bosque!$M$22) | H72: =IF(Datos!$E$72<=Bosque!$E$23,IF(Datos!$E$72<=Bosque!$E$24,Bosque!$M$25,Bosque!$M$26),IF(Datos!$E$72<=Bosque!$E$27,Bosque!$M$28,Bosque!$M$29)) | I72: =IF(Datos!$G$72<=Bosque!$E$30,IF(Datos!$E$72<=Bosque!$E$31,Bosque!$M$32,Bosque!$M$33),IF(Datos!$E$72<=Bosque!$E$34,Bosque!$M$35,Bosque!$M$36)) | J72: =IF(Datos!$I$72<=Bosque!$E$37,IF(Datos!$H$72<=Bosque!$E$38,Bosque!$M$39,Bosque!$M$40),IF(Datos!$F$72<=Bosque!$E$41,Bosque!$M$42,Bosque!$M$43)) | K72: =IF(Datos!$G$72<=Bosque!$E$44,IF(Datos!$H$72<=Bosque!$E$45,Bosque!$M$46,Bosque!$M$47),IF(Datos!$F$72<=Bosque!$E$48,Bosque!$M$49,Bosque!$M$50)) | L72: =AVERAGE(E72:K72) | M72: =$M$2 | N72: =IF(L72>=M72,"Sí","No") | O72: =--AND(C72=1,N72="Sí") | P72: =--AND(C72=0,N72="Sí") | Q72: =--AND(C72=1,N72="No") | R72: =--AND(C72=0,N72="No") | S72: =--(C72=--(L72>=M72)) | T72: =O72*60000-P72*3000
A73: =Datos!A73 | B73: =Datos!B73 | C73: =Datos!D73 | D73: 73 | E73: =IF(Datos!$G$73<=Bosque!$E$4,IF(Datos!$H$73<=Bosque!$E$5,Bosque!$M$6,Bosque!$M$7),IF(Datos!$G$73<=Bosque!$E$8,Bosque!$M$9,Bosque!$M$10)) | F73: =IF(Datos!$H$73<=Bosque!$E$11,IF(Datos!$E$73<=Bosque!$E$12,Bosque!$M$13,Bosque!$M$14),IF(Datos!$I$73<=Bosque!$E$15,Bosque!$M$16,Bosque!$M$17)) | G73: =IF(Datos!$E$73<=Bosque!$E$18,IF(Datos!$I$73<=Bosque!$E$19,Bosque!$M$20,Bosque!$M$21),Bosque!$M$22) | H73: =IF(Datos!$E$73<=Bosque!$E$23,IF(Datos!$E$73<=Bosque!$E$24,Bosque!$M$25,Bosque!$M$26),IF(Datos!$E$73<=Bosque!$E$27,Bosque!$M$28,Bosque!$M$29)) | I73: =IF(Datos!$G$73<=Bosque!$E$30,IF(Datos!$E$73<=Bosque!$E$31,Bosque!$M$32,Bosque!$M$33),IF(Datos!$E$73<=Bosque!$E$34,Bosque!$M$35,Bosque!$M$36)) | J73: =IF(Datos!$I$73<=Bosque!$E$37,IF(Datos!$H$73<=Bosque!$E$38,Bosque!$M$39,Bosque!$M$40),IF(Datos!$F$73<=Bosque!$E$41,Bosque!$M$42,Bosque!$M$43)) | K73: =IF(Datos!$G$73<=Bosque!$E$44,IF(Datos!$H$73<=Bosque!$E$45,Bosque!$M$46,Bosque!$M$47),IF(Datos!$F$73<=Bosque!$E$48,Bosque!$M$49,Bosque!$M$50)) | L73: =AVERAGE(E73:K73) | M73: =$M$2 | N73: =IF(L73>=M73,"Sí","No") | O73: =--AND(C73=1,N73="Sí") | P73: =--AND(C73=0,N73="Sí") | Q73: =--AND(C73=1,N73="No") | R73: =--AND(C73=0,N73="No") | S73: =--(C73=--(L73>=M73)) | T73: =O73*60000-P73*3000
A74: =Datos!A74 | B74: =Datos!B74 | C74: =Datos!D74 | D74: 74 | E74: =IF(Datos!$G$74<=Bosque!$E$4,IF(Datos!$H$74<=Bosque!$E$5,Bosque!$M$6,Bosque!$M$7),IF(Datos!$G$74<=Bosque!$E$8,Bosque!$M$9,Bosque!$M$10)) | F74: =IF(Datos!$H$74<=Bosque!$E$11,IF(Datos!$E$74<=Bosque!$E$12,Bosque!$M$13,Bosque!$M$14),IF(Datos!$I$74<=Bosque!$E$15,Bosque!$M$16,Bosque!$M$17)) | G74: =IF(Datos!$E$74<=Bosque!$E$18,IF(Datos!$I$74<=Bosque!$E$19,Bosque!$M$20,Bosque!$M$21),Bosque!$M$22) | H74: =IF(Datos!$E$74<=Bosque!$E$23,IF(Datos!$E$74<=Bosque!$E$24,Bosque!$M$25,Bosque!$M$26),IF(Datos!$E$74<=Bosque!$E$27,Bosque!$M$28,Bosque!$M$29)) | I74: =IF(Datos!$G$74<=Bosque!$E$30,IF(Datos!$E$74<=Bosque!$E$31,Bosque!$M$32,Bosque!$M$33),IF(Datos!$E$74<=Bosque!$E$34,Bosque!$M$35,Bosque!$M$36)) | J74: =IF(Datos!$I$74<=Bosque!$E$37,IF(Datos!$H$74<=Bosque!$E$38,Bosque!$M$39,Bosque!$M$40),IF(Datos!$F$74<=Bosque!$E$41,Bosque!$M$42,Bosque!$M$43)) | K74: =IF(Datos!$G$74<=Bosque!$E$44,IF(Datos!$H$74<=Bosque!$E$45,Bosque!$M$46,Bosque!$M$47),IF(Datos!$F$74<=Bosque!$E$48,Bosque!$M$49,Bosque!$M$50)) | L74: =AVERAGE(E74:K74) | M74: =$M$2 | N74: =IF(L74>=M74,"Sí","No") | O74: =--AND(C74=1,N74="Sí") | P74: =--AND(C74=0,N74="Sí") | Q74: =--AND(C74=1,N74="No") | R74: =--AND(C74=0,N74="No") | S74: =--(C74=--(L74>=M74)) | T74: =O74*60000-P74*3000
A75: =Datos!A75 | B75: =Datos!B75 | C75: =Datos!D75 | D75: 75 | E75: =IF(Datos!$G$75<=Bosque!$E$4,IF(Datos!$H$75<=Bosque!$E$5,Bosque!$M$6,Bosque!$M$7),IF(Datos!$G$75<=Bosque!$E$8,Bosque!$M$9,Bosque!$M$10)) | F75: =IF(Datos!$H$75<=Bosque!$E$11,IF(Datos!$E$75<=Bosque!$E$12,Bosque!$M$13,Bosque!$M$14),IF(Datos!$I$75<=Bosque!$E$15,Bosque!$M$16,Bosque!$M$17)) | G75: =IF(Datos!$E$75<=Bosque!$E$18,IF(Datos!$I$75<=Bosque!$E$19,Bosque!$M$20,Bosque!$M$21),Bosque!$M$22) | H75: =IF(Datos!$E$75<=Bosque!$E$23,IF(Datos!$E$75<=Bosque!$E$24,Bosque!$M$25,Bosque!$M$26),IF(Datos!$E$75<=Bosque!$E$27,Bosque!$M$28,Bosque!$M$29)) | I75: =IF(Datos!$G$75<=Bosque!$E$30,IF(Datos!$E$75<=Bosque!$E$31,Bosque!$M$32,Bosque!$M$33),IF(Datos!$E$75<=Bosque!$E$34,Bosque!$M$35,Bosque!$M$36)) | J75: =IF(Datos!$I$75<=Bosque!$E$37,IF(Datos!$H$75<=Bosque!$E$38,Bosque!$M$39,Bosque!$M$40),IF(Datos!$F$75<=Bosque!$E$41,Bosque!$M$42,Bosque!$M$43)) | K75: =IF(Datos!$G$75<=Bosque!$E$44,IF(Datos!$H$75<=Bosque!$E$45,Bosque!$M$46,Bosque!$M$47),IF(Datos!$F$75<=Bosque!$E$48,Bosque!$M$49,Bosque!$M$50)) | L75: =AVERAGE(E75:K75) | M75: =$M$2 | N75: =IF(L75>=M75,"Sí","No") | O75: =--AND(C75=1,N75="Sí") | P75: =--AND(C75=0,N75="Sí") | Q75: =--AND(C75=1,N75="No") | R75: =--AND(C75=0,N75="No") | S75: =--(C75=--(L75>=M75)) | T75: =O75*60000-P75*3000
A76: =Datos!A76 | B76: =Datos!B76 | C76: =Datos!D76 | D76: 76 | E76: =IF(Datos!$G$76<=Bosque!$E$4,IF(Datos!$H$76<=Bosque!$E$5,Bosque!$M$6,Bosque!$M$7),IF(Datos!$G$76<=Bosque!$E$8,Bosque!$M$9,Bosque!$M$10)) | F76: =IF(Datos!$H$76<=Bosque!$E$11,IF(Datos!$E$76<=Bosque!$E$12,Bosque!$M$13,Bosque!$M$14),IF(Datos!$I$76<=Bosque!$E$15,Bosque!$M$16,Bosque!$M$17)) | G76: =IF(Datos!$E$76<=Bosque!$E$18,IF(Datos!$I$76<=Bosque!$E$19,Bosque!$M$20,Bosque!$M$21),Bosque!$M$22) | H76: =IF(Datos!$E$76<=Bosque!$E$23,IF(Datos!$E$76<=Bosque!$E$24,Bosque!$M$25,Bosque!$M$26),IF(Datos!$E$76<=Bosque!$E$27,Bosque!$M$28,Bosque!$M$29)) | I76: =IF(Datos!$G$76<=Bosque!$E$30,IF(Datos!$E$76<=Bosque!$E$31,Bosque!$M$32,Bosque!$M$33),IF(Datos!$E$76<=Bosque!$E$34,Bosque!$M$35,Bosque!$M$36)) | J76: =IF(Datos!$I$76<=Bosque!$E$37,IF(Datos!$H$76<=Bosque!$E$38,Bosque!$M$39,Bosque!$M$40),IF(Datos!$F$76<=Bosque!$E$41,Bosque!$M$42,Bosque!$M$43)) | K76: =IF(Datos!$G$76<=Bosque!$E$44,IF(Datos!$H$76<=Bosque!$E$45,Bosque!$M$46,Bosque!$M$47),IF(Datos!$F$76<=Bosque!$E$48,Bosque!$M$49,Bosque!$M$50)) | L76: =AVERAGE(E76:K76) | M76: =$M$2 | N76: =IF(L76>=M76,"Sí","No") | O76: =--AND(C76=1,N76="Sí") | P76: =--AND(C76=0,N76="Sí") | Q76: =--AND(C76=1,N76="No") | R76: =--AND(C76=0,N76="No") | S76: =--(C76=--(L76>=M76)) | T76: =O76*60000-P76*3000
A77: =Datos!A77 | B77: =Datos!B77 | C77: =Datos!D77 | D77: 77 | E77: =IF(Datos!$G$77<=Bosque!$E$4,IF(Datos!$H$77<=Bosque!$E$5,Bosque!$M$6,Bosque!$M$7),IF(Datos!$G$77<=Bosque!$E$8,Bosque!$M$9,Bosque!$M$10)) | F77: =IF(Datos!$H$77<=Bosque!$E$11,IF(Datos!$E$77<=Bosque!$E$12,Bosque!$M$13,Bosque!$M$14),IF(Datos!$I$77<=Bosque!$E$15,Bosque!$M$16,Bosque!$M$17)) | G77: =IF(Datos!$E$77<=Bosque!$E$18,IF(Datos!$I$77<=Bosque!$E$19,Bosque!$M$20,Bosque!$M$21),Bosque!$M$22) | H77: =IF(Datos!$E$77<=Bosque!$E$23,IF(Datos!$E$77<=Bosque!$E$24,Bosque!$M$25,Bosque!$M$26),IF(Datos!$E$77<=Bosque!$E$27,Bosque!$M$28,Bosque!$M$29)) | I77: =IF(Datos!$G$77<=Bosque!$E$30,IF(Datos!$E$77<=Bosque!$E$31,Bosque!$M$32,Bosque!$M$33),IF(Datos!$E$77<=Bosque!$E$34,Bosque!$M$35,Bosque!$M$36)) | J77: =IF(Datos!$I$77<=Bosque!$E$37,IF(Datos!$H$77<=Bosque!$E$38,Bosque!$M$39,Bosque!$M$40),IF(Datos!$F$77<=Bosque!$E$41,Bosque!$M$42,Bosque!$M$43)) | K77: =IF(Datos!$G$77<=Bosque!$E$44,IF(Datos!$H$77<=Bosque!$E$45,Bosque!$M$46,Bosque!$M$47),IF(Datos!$F$77<=Bosque!$E$48,Bosque!$M$49,Bosque!$M$50)) | L77: =AVERAGE(E77:K77) | M77: =$M$2 | N77: =IF(L77>=M77,"Sí","No") | O77: =--AND(C77=1,N77="Sí") | P77: =--AND(C77=0,N77="Sí") | Q77: =--AND(C77=1,N77="No") | R77: =--AND(C77=0,N77="No") | S77: =--(C77=--(L77>=M77)) | T77: =O77*60000-P77*3000
A78: =Datos!A78 | B78: =Datos!B78 | C78: =Datos!D78 | D78: 78 | E78: =IF(Datos!$G$78<=Bosque!$E$4,IF(Datos!$H$78<=Bosque!$E$5,Bosque!$M$6,Bosque!$M$7),IF(Datos!$G$78<=Bosque!$E$8,Bosque!$M$9,Bosque!$M$10)) | F78: =IF(Datos!$H$78<=Bosque!$E$11,IF(Datos!$E$78<=Bosque!$E$12,Bosque!$M$13,Bosque!$M$14),IF(Datos!$I$78<=Bosque!$E$15,Bosque!$M$16,Bosque!$M$17)) | G78: =IF(Datos!$E$78<=Bosque!$E$18,IF(Datos!$I$78<=Bosque!$E$19,Bosque!$M$20,Bosque!$M$21),Bosque!$M$22) | H78: =IF(Datos!$E$78<=Bosque!$E$23,IF(Datos!$E$78<=Bosque!$E$24,Bosque!$M$25,Bosque!$M$26),IF(Datos!$E$78<=Bosque!$E$27,Bosque!$M$28,Bosque!$M$29)) | I78: =IF(Datos!$G$78<=Bosque!$E$30,IF(Datos!$E$78<=Bosque!$E$31,Bosque!$M$32,Bosque!$M$33),IF(Datos!$E$78<=Bosque!$E$34,Bosque!$M$35,Bosque!$M$36)) | J78: =IF(Datos!$I$78<=Bosque!$E$37,IF(Datos!$H$78<=Bosque!$E$38,Bosque!$M$39,Bosque!$M$40),IF(Datos!$F$78<=Bosque!$E$41,Bosque!$M$42,Bosque!$M$43)) | K78: =IF(Datos!$G$78<=Bosque!$E$44,IF(Datos!$H$78<=Bosque!$E$45,Bosque!$M$46,Bosque!$M$47),IF(Datos!$F$78<=Bosque!$E$48,Bosque!$M$49,Bosque!$M$50)) | L78: =AVERAGE(E78:K78) | M78: =$M$2 | N78: =IF(L78>=M78,"Sí","No") | O78: =--AND(C78=1,N78="Sí") | P78: =--AND(C78=0,N78="Sí") | Q78: =--AND(C78=1,N78="No") | R78: =--AND(C78=0,N78="No") | S78: =--(C78=--(L78>=M78)) | T78: =O78*60000-P78*3000
A79: =Datos!A79 | B79: =Datos!B79 | C79: =Datos!D79 | D79: 79 | E79: =IF(Datos!$G$79<=Bosque!$E$4,IF(Datos!$H$79<=Bosque!$E$5,Bosque!$M$6,Bosque!$M$7),IF(Datos!$G$79<=Bosque!$E$8,Bosque!$M$9,Bosque!$M$10)) | F79: =IF(Datos!$H$79<=Bosque!$E$11,IF(Datos!$E$79<=Bosque!$E$12,Bosque!$M$13,Bosque!$M$14),IF(Datos!$I$79<=Bosque!$E$15,Bosque!$M$16,Bosque!$M$17)) | G79: =IF(Datos!$E$79<=Bosque!$E$18,IF(Datos!$I$79<=Bosque!$E$19,Bosque!$M$20,Bosque!$M$21),Bosque!$M$22) | H79: =IF(Datos!$E$79<=Bosque!$E$23,IF(Datos!$E$79<=Bosque!$E$24,Bosque!$M$25,Bosque!$M$26),IF(Datos!$E$79<=Bosque!$E$27,Bosque!$M$28,Bosque!$M$29)) | I79: =IF(Datos!$G$79<=Bosque!$E$30,IF(Datos!$E$79<=Bosque!$E$31,Bosque!$M$32,Bosque!$M$33),IF(Datos!$E$79<=Bosque!$E$34,Bosque!$M$35,Bosque!$M$36)) | J79: =IF(Datos!$I$79<=Bosque!$E$37,IF(Datos!$H$79<=Bosque!$E$38,Bosque!$M$39,Bosque!$M$40),IF(Datos!$F$79<=Bosque!$E$41,Bosque!$M$42,Bosque!$M$43)) | K79: =IF(Datos!$G$79<=Bosque!$E$44,IF(Datos!$H$79<=Bosque!$E$45,Bosque!$M$46,Bosque!$M$47),IF(Datos!$F$79<=Bosque!$E$48,Bosque!$M$49,Bosque!$M$50)) | L79: =AVERAGE(E79:K79) | M79: =$M$2 | N79: =IF(L79>=M79,"Sí","No") | O79: =--AND(C79=1,N79="Sí") | P79: =--AND(C79=0,N79="Sí") | Q79: =--AND(C79=1,N79="No") | R79: =--AND(C79=0,N79="No") | S79: =--(C79=--(L79>=M79)) | T79: =O79*60000-P79*3000
A80: =Datos!A80 | B80: =Datos!B80 | C80: =Datos!D80 | D80: 80 | E80: =IF(Datos!$G$80<=Bosque!$E$4,IF(Datos!$H$80<=Bosque!$E$5,Bosque!$M$6,Bosque!$M$7),IF(Datos!$G$80<=Bosque!$E$8,Bosque!$M$9,Bosque!$M$10)) | F80: =IF(Datos!$H$80<=Bosque!$E$11,IF(Datos!$E$80<=Bosque!$E$12,Bosque!$M$13,Bosque!$M$14),IF(Datos!$I$80<=Bosque!$E$15,Bosque!$M$16,Bosque!$M$17)) | G80: =IF(Datos!$E$80<=Bosque!$E$18,IF(Datos!$I$80<=Bosque!$E$19,Bosque!$M$20,Bosque!$M$21),Bosque!$M$22) | H80: =IF(Datos!$E$80<=Bosque!$E$23,IF(Datos!$E$80<=Bosque!$E$24,Bosque!$M$25,Bosque!$M$26),IF(Datos!$E$80<=Bosque!$E$27,Bosque!$M$28,Bosque!$M$29)) | I80: =IF(Datos!$G$80<=Bosque!$E$30,IF(Datos!$E$80<=Bosque!$E$31,Bosque!$M$32,Bosque!$M$33),IF(Datos!$E$80<=Bosque!$E$34,Bosque!$M$35,Bosque!$M$36)) | J80: =IF(Datos!$I$80<=Bosque!$E$37,IF(Datos!$H$80<=Bosque!$E$38,Bosque!$M$39,Bosque!$M$40),IF(Datos!$F$80<=Bosque!$E$41,Bosque!$M$42,Bosque!$M$43)) | K80: =IF(Datos!$G$80<=Bosque!$E$44,IF(Datos!$H$80<=Bosque!$E$45,Bosque!$M$46,Bosque!$M$47),IF(Datos!$F$80<=Bosque!$E$48,Bosque!$M$49,Bosque!$M$50)) | L80: =AVERAGE(E80:K80) | M80: =$M$2 | N80: =IF(L80>=M80,"Sí","No") | O80: =--AND(C80=1,N80="Sí") | P80: =--AND(C80=0,N80="Sí") | Q80: =--AND(C80=1,N80="No") | R80: =--AND(C80=0,N80="No") | S80: =--(C80=--(L80>=M80)) | T80: =O80*60000-P80*3000
A81: =Datos!A81 | B81: =Datos!B81 | C81: =Datos!D81 | D81: 81 | E81: =IF(Datos!$G$81<=Bosque!$E$4,IF(Datos!$H$81<=Bosque!$E$5,Bosque!$M$6,Bosque!$M$7),IF(Datos!$G$81<=Bosque!$E$8,Bosque!$M$9,Bosque!$M$10)) | F81: =IF(Datos!$H$81<=Bosque!$E$11,IF(Datos!$E$81<=Bosque!$E$12,Bosque!$M$13,Bosque!$M$14),IF(Datos!$I$81<=Bosque!$E$15,Bosque!$M$16,Bosque!$M$17)) | G81: =IF(Datos!$E$81<=Bosque!$E$18,IF(Datos!$I$81<=Bosque!$E$19,Bosque!$M$20,Bosque!$M$21),Bosque!$M$22) | H81: =IF(Datos!$E$81<=Bosque!$E$23,IF(Datos!$E$81<=Bosque!$E$24,Bosque!$M$25,Bosque!$M$26),IF(Datos!$E$81<=Bosque!$E$27,Bosque!$M$28,Bosque!$M$29)) | I81: =IF(Datos!$G$81<=Bosque!$E$30,IF(Datos!$E$81<=Bosque!$E$31,Bosque!$M$32,Bosque!$M$33),IF(Datos!$E$81<=Bosque!$E$34,Bosque!$M$35,Bosque!$M$36)) | J81: =IF(Datos!$I$81<=Bosque!$E$37,IF(Datos!$H$81<=Bosque!$E$38,Bosque!$M$39,Bosque!$M$40),IF(Datos!$F$81<=Bosque!$E$41,Bosque!$M$42,Bosque!$M$43)) | K81: =IF(Datos!$G$81<=Bosque!$E$44,IF(Datos!$H$81<=Bosque!$E$45,Bosque!$M$46,Bosque!$M$47),IF(Datos!$F$81<=Bosque!$E$48,Bosque!$M$49,Bosque!$M$50)) | L81: =AVERAGE(E81:K81) | M81: =$M$2 | N81: =IF(L81>=M81,"Sí","No") | O81: =--AND(C81=1,N81="Sí") | P81: =--AND(C81=0,N81="Sí") | Q81: =--AND(C81=1,N81="No") | R81: =--AND(C81=0,N81="No") | S81: =--(C81=--(L81>=M81)) | T81: =O81*60000-P81*3000
A82: =Datos!A82 | B82: =Datos!B82 | C82: =Datos!D82 | D82: 82 | E82: =IF(Datos!$G$82<=Bosque!$E$4,IF(Datos!$H$82<=Bosque!$E$5,Bosque!$M$6,Bosque!$M$7),IF(Datos!$G$82<=Bosque!$E$8,Bosque!$M$9,Bosque!$M$10)) | F82: =IF(Datos!$H$82<=Bosque!$E$11,IF(Datos!$E$82<=Bosque!$E$12,Bosque!$M$13,Bosque!$M$14),IF(Datos!$I$82<=Bosque!$E$15,Bosque!$M$16,Bosque!$M$17)) | G82: =IF(Datos!$E$82<=Bosque!$E$18,IF(Datos!$I$82<=Bosque!$E$19,Bosque!$M$20,Bosque!$M$21),Bosque!$M$22) | H82: =IF(Datos!$E$82<=Bosque!$E$23,IF(Datos!$E$82<=Bosque!$E$24,Bosque!$M$25,Bosque!$M$26),IF(Datos!$E$82<=Bosque!$E$27,Bosque!$M$28,Bosque!$M$29)) | I82: =IF(Datos!$G$82<=Bosque!$E$30,IF(Datos!$E$82<=Bosque!$E$31,Bosque!$M$32,Bosque!$M$33),IF(Datos!$E$82<=Bosque!$E$34,Bosque!$M$35,Bosque!$M$36)) | J82: =IF(Datos!$I$82<=Bosque!$E$37,IF(Datos!$H$82<=Bosque!$E$38,Bosque!$M$39,Bosque!$M$40),IF(Datos!$F$82<=Bosque!$E$41,Bosque!$M$42,Bosque!$M$43)) | K82: =IF(Datos!$G$82<=Bosque!$E$44,IF(Datos!$H$82<=Bosque!$E$45,Bosque!$M$46,Bosque!$M$47),IF(Datos!$F$82<=Bosque!$E$48,Bosque!$M$49,Bosque!$M$50)) | L82: =AVERAGE(E82:K82) | M82: =$M$2 | N82: =IF(L82>=M82,"Sí","No") | O82: =--AND(C82=1,N82="Sí") | P82: =--AND(C82=0,N82="Sí") | Q82: =--AND(C82=1,N82="No") | R82: =--AND(C82=0,N82="No") | S82: =--(C82=--(L82>=M82)) | T82: =O82*60000-P82*3000
A83: =Datos!A83 | B83: =Datos!B83 | C83: =Datos!D83 | D83: 83 | E83: =IF(Datos!$G$83<=Bosque!$E$4,IF(Datos!$H$83<=Bosque!$E$5,Bosque!$M$6,Bosque!$M$7),IF(Datos!$G$83<=Bosque!$E$8,Bosque!$M$9,Bosque!$M$10)) | F83: =IF(Datos!$H$83<=Bosque!$E$11,IF(Datos!$E$83<=Bosque!$E$12,Bosque!$M$13,Bosque!$M$14),IF(Datos!$I$83<=Bosque!$E$15,Bosque!$M$16,Bosque!$M$17)) | G83: =IF(Datos!$E$83<=Bosque!$E$18,IF(Datos!$I$83<=Bosque!$E$19,Bosque!$M$20,Bosque!$M$21),Bosque!$M$22) | H83: =IF(Datos!$E$83<=Bosque!$E$23,IF(Datos!$E$83<=Bosque!$E$24,Bosque!$M$25,Bosque!$M$26),IF(Datos!$E$83<=Bosque!$E$27,Bosque!$M$28,Bosque!$M$29)) | I83: =IF(Datos!$G$83<=Bosque!$E$30,IF(Datos!$E$83<=Bosque!$E$31,Bosque!$M$32,Bosque!$M$33),IF(Datos!$E$83<=Bosque!$E$34,Bosque!$M$35,Bosque!$M$36)) | J83: =IF(Datos!$I$83<=Bosque!$E$37,IF(Datos!$H$83<=Bosque!$E$38,Bosque!$M$39,Bosque!$M$40),IF(Datos!$F$83<=Bosque!$E$41,Bosque!$M$42,Bosque!$M$43)) | K83: =IF(Datos!$G$83<=Bosque!$E$44,IF(Datos!$H$83<=Bosque!$E$45,Bosque!$M$46,Bosque!$M$47),IF(Datos!$F$83<=Bosque!$E$48,Bosque!$M$49,Bosque!$M$50)) | L83: =AVERAGE(E83:K83) | M83: =$M$2 | N83: =IF(L83>=M83,"Sí","No") | O83: =--AND(C83=1,N83="Sí") | P83: =--AND(C83=0,N83="Sí") | Q83: =--AND(C83=1,N83="No") | R83: =--AND(C83=0,N83="No") | S83: =--(C83=--(L83>=M83)) | T83: =O83*60000-P83*3000
A84: =Datos!A84 | B84: =Datos!B84 | C84: =Datos!D84 | D84: 84 | E84: =IF(Datos!$G$84<=Bosque!$E$4,IF(Datos!$H$84<=Bosque!$E$5,Bosque!$M$6,Bosque!$M$7),IF(Datos!$G$84<=Bosque!$E$8,Bosque!$M$9,Bosque!$M$10)) | F84: =IF(Datos!$H$84<=Bosque!$E$11,IF(Datos!$E$84<=Bosque!$E$12,Bosque!$M$13,Bosque!$M$14),IF(Datos!$I$84<=Bosque!$E$15,Bosque!$M$16,Bosque!$M$17)) | G84: =IF(Datos!$E$84<=Bosque!$E$18,IF(Datos!$I$84<=Bosque!$E$19,Bosque!$M$20,Bosque!$M$21),Bosque!$M$22) | H84: =IF(Datos!$E$84<=Bosque!$E$23,IF(Datos!$E$84<=Bosque!$E$24,Bosque!$M$25,Bosque!$M$26),IF(Datos!$E$84<=Bosque!$E$27,Bosque!$M$28,Bosque!$M$29)) | I84: =IF(Datos!$G$84<=Bosque!$E$30,IF(Datos!$E$84<=Bosque!$E$31,Bosque!$M$32,Bosque!$M$33),IF(Datos!$E$84<=Bosque!$E$34,Bosque!$M$35,Bosque!$M$36)) | J84: =IF(Datos!$I$84<=Bosque!$E$37,IF(Datos!$H$84<=Bosque!$E$38,Bosque!$M$39,Bosque!$M$40),IF(Datos!$F$84<=Bosque!$E$41,Bosque!$M$42,Bosque!$M$43)) | K84: =IF(Datos!$G$84<=Bosque!$E$44,IF(Datos!$H$84<=Bosque!$E$45,Bosque!$M$46,Bosque!$M$47),IF(Datos!$F$84<=Bosque!$E$48,Bosque!$M$49,Bosque!$M$50)) | L84: =AVERAGE(E84:K84) | M84: =$M$2 | N84: =IF(L84>=M84,"Sí","No") | O84: =--AND(C84=1,N84="Sí") | P84: =--AND(C84=0,N84="Sí") | Q84: =--AND(C84=1,N84="No") | R84: =--AND(C84=0,N84="No") | S84: =--(C84=--(L84>=M84)) | T84: =O84*60000-P84*3000
A85: =Datos!A85 | B85: =Datos!B85 | C85: =Datos!D85 | D85: 85 | E85: =IF(Datos!$G$85<=Bosque!$E$4,IF(Datos!$H$85<=Bosque!$E$5,Bosque!$M$6,Bosque!$M$7),IF(Datos!$G$85<=Bosque!$E$8,Bosque!$M$9,Bosque!$M$10)) | F85: =IF(Datos!$H$85<=Bosque!$E$11,IF(Datos!$E$85<=Bosque!$E$12,Bosque!$M$13,Bosque!$M$14),IF(Datos!$I$85<=Bosque!$E$15,Bosque!$M$16,Bosque!$M$17)) | G85: =IF(Datos!$E$85<=Bosque!$E$18,IF(Datos!$I$85<=Bosque!$E$19,Bosque!$M$20,Bosque!$M$21),Bosque!$M$22) | H85: =IF(Datos!$E$85<=Bosque!$E$23,IF(Datos!$E$85<=Bosque!$E$24,Bosque!$M$25,Bosque!$M$26),IF(Datos!$E$85<=Bosque!$E$27,Bosque!$M$28,Bosque!$M$29)) | I85: =IF(Datos!$G$85<=Bosque!$E$30,IF(Datos!$E$85<=Bosque!$E$31,Bosque!$M$32,Bosque!$M$33),IF(Datos!$E$85<=Bosque!$E$34,Bosque!$M$35,Bosque!$M$36)) | J85: =IF(Datos!$I$85<=Bosque!$E$37,IF(Datos!$H$85<=Bosque!$E$38,Bosque!$M$39,Bosque!$M$40),IF(Datos!$F$85<=Bosque!$E$41,Bosque!$M$42,Bosque!$M$43)) | K85: =IF(Datos!$G$85<=Bosque!$E$44,IF(Datos!$H$85<=Bosque!$E$45,Bosque!$M$46,Bosque!$M$47),IF(Datos!$F$85<=Bosque!$E$48,Bosque!$M$49,Bosque!$M$50)) | L85: =AVERAGE(E85:K85) | M85: =$M$2 | N85: =IF(L85>=M85,"Sí","No") | O85: =--AND(C85=1,N85="Sí") | P85: =--AND(C85=0,N85="Sí") | Q85: =--AND(C85=1,N85="No") | R85: =--AND(C85=0,N85="No") | S85: =--(C85=--(L85>=M85)) | T85: =O85*60000-P85*3000
A86: =Datos!A86 | B86: =Datos!B86 | C86: =Datos!D86 | D86: 86 | E86: =IF(Datos!$G$86<=Bosque!$E$4,IF(Datos!$H$86<=Bosque!$E$5,Bosque!$M$6,Bosque!$M$7),IF(Datos!$G$86<=Bosque!$E$8,Bosque!$M$9,Bosque!$M$10)) | F86: =IF(Datos!$H$86<=Bosque!$E$11,IF(Datos!$E$86<=Bosque!$E$12,Bosque!$M$13,Bosque!$M$14),IF(Datos!$I$86<=Bosque!$E$15,Bosque!$M$16,Bosque!$M$17)) | G86: =IF(Datos!$E$86<=Bosque!$E$18,IF(Datos!$I$86<=Bosque!$E$19,Bosque!$M$20,Bosque!$M$21),Bosque!$M$22) | H86: =IF(Datos!$E$86<=Bosque!$E$23,IF(Datos!$E$86<=Bosque!$E$24,Bosque!$M$25,Bosque!$M$26),IF(Datos!$E$86<=Bosque!$E$27,Bosque!$M$28,Bosque!$M$29)) | I86: =IF(Datos!$G$86<=Bosque!$E$30,IF(Datos!$E$86<=Bosque!$E$31,Bosque!$M$32,Bosque!$M$33),IF(Datos!$E$86<=Bosque!$E$34,Bosque!$M$35,Bosque!$M$36)) | J86: =IF(Datos!$I$86<=Bosque!$E$37,IF(Datos!$H$86<=Bosque!$E$38,Bosque!$M$39,Bosque!$M$40),IF(Datos!$F$86<=Bosque!$E$41,Bosque!$M$42,Bosque!$M$43)) | K86: =IF(Datos!$G$86<=Bosque!$E$44,IF(Datos!$H$86<=Bosque!$E$45,Bosque!$M$46,Bosque!$M$47),IF(Datos!$F$86<=Bosque!$E$48,Bosque!$M$49,Bosque!$M$50)) | L86: =AVERAGE(E86:K86) | M86: =$M$2 | N86: =IF(L86>=M86,"Sí","No") | O86: =--AND(C86=1,N86="Sí") | P86: =--AND(C86=0,N86="Sí") | Q86: =--AND(C86=1,N86="No") | R86: =--AND(C86=0,N86="No") | S86: =--(C86=--(L86>=M86)) | T86: =O86*60000-P86*3000
A87: =Datos!A87 | B87: =Datos!B87 | C87: =Datos!D87 | D87: 87 | E87: =IF(Datos!$G$87<=Bosque!$E$4,IF(Datos!$H$87<=Bosque!$E$5,Bosque!$M$6,Bosque!$M$7),IF(Datos!$G$87<=Bosque!$E$8,Bosque!$M$9,Bosque!$M$10)) | F87: =IF(Datos!$H$87<=Bosque!$E$11,IF(Datos!$E$87<=Bosque!$E$12,Bosque!$M$13,Bosque!$M$14),IF(Datos!$I$87<=Bosque!$E$15,Bosque!$M$16,Bosque!$M$17)) | G87: =IF(Datos!$E$87<=Bosque!$E$18,IF(Datos!$I$87<=Bosque!$E$19,Bosque!$M$20,Bosque!$M$21),Bosque!$M$22) | H87: =IF(Datos!$E$87<=Bosque!$E$23,IF(Datos!$E$87<=Bosque!$E$24,Bosque!$M$25,Bosque!$M$26),IF(Datos!$E$87<=Bosque!$E$27,Bosque!$M$28,Bosque!$M$29)) | I87: =IF(Datos!$G$87<=Bosque!$E$30,IF(Datos!$E$87<=Bosque!$E$31,Bosque!$M$32,Bosque!$M$33),IF(Datos!$E$87<=Bosque!$E$34,Bosque!$M$35,Bosque!$M$36)) | J87: =IF(Datos!$I$87<=Bosque!$E$37,IF(Datos!$H$87<=Bosque!$E$38,Bosque!$M$39,Bosque!$M$40),IF(Datos!$F$87<=Bosque!$E$41,Bosque!$M$42,Bosque!$M$43)) | K87: =IF(Datos!$G$87<=Bosque!$E$44,IF(Datos!$H$87<=Bosque!$E$45,Bosque!$M$46,Bosque!$M$47),IF(Datos!$F$87<=Bosque!$E$48,Bosque!$M$49,Bosque!$M$50)) | L87: =AVERAGE(E87:K87) | M87: =$M$2 | N87: =IF(L87>=M87,"Sí","No") | O87: =--AND(C87=1,N87="Sí") | P87: =--AND(C87=0,N87="Sí") | Q87: =--AND(C87=1,N87="No") | R87: =--AND(C87=0,N87="No") | S87: =--(C87=--(L87>=M87)) | T87: =O87*60000-P87*3000
A88: =Datos!A88 | B88: =Datos!B88 | C88: =Datos!D88 | D88: 88 | E88: =IF(Datos!$G$88<=Bosque!$E$4,IF(Datos!$H$88<=Bosque!$E$5,Bosque!$M$6,Bosque!$M$7),IF(Datos!$G$88<=Bosque!$E$8,Bosque!$M$9,Bosque!$M$10)) | F88: =IF(Datos!$H$88<=Bosque!$E$11,IF(Datos!$E$88<=Bosque!$E$12,Bosque!$M$13,Bosque!$M$14),IF(Datos!$I$88<=Bosque!$E$15,Bosque!$M$16,Bosque!$M$17)) | G88: =IF(Datos!$E$88<=Bosque!$E$18,IF(Datos!$I$88<=Bosque!$E$19,Bosque!$M$20,Bosque!$M$21),Bosque!$M$22) | H88: =IF(Datos!$E$88<=Bosque!$E$23,IF(Datos!$E$88<=Bosque!$E$24,Bosque!$M$25,Bosque!$M$26),IF(Datos!$E$88<=Bosque!$E$27,Bosque!$M$28,Bosque!$M$29)) | I88: =IF(Datos!$G$88<=Bosque!$E$30,IF(Datos!$E$88<=Bosque!$E$31,Bosque!$M$32,Bosque!$M$33),IF(Datos!$E$88<=Bosque!$E$34,Bosque!$M$35,Bosque!$M$36)) | J88: =IF(Datos!$I$88<=Bosque!$E$37,IF(Datos!$H$88<=Bosque!$E$38,Bosque!$M$39,Bosque!$M$40),IF(Datos!$F$88<=Bosque!$E$41,Bosque!$M$42,Bosque!$M$43)) | K88: =IF(Datos!$G$88<=Bosque!$E$44,IF(Datos!$H$88<=Bosque!$E$45,Bosque!$M$46,Bosque!$M$47),IF(Datos!$F$88<=Bosque!$E$48,Bosque!$M$49,Bosque!$M$50)) | L88: =AVERAGE(E88:K88) | M88: =$M$2 | N88: =IF(L88>=M88,"Sí","No") | O88: =--AND(C88=1,N88="Sí") | P88: =--AND(C88=0,N88="Sí") | Q88: =--AND(C88=1,N88="No") | R88: =--AND(C88=0,N88="No") | S88: =--(C88=--(L88>=M88)) | T88: =O88*60000-P88*3000
A89: =Datos!A89 | B89: =Datos!B89 | C89: =Datos!D89 | D89: 89 | E89: =IF(Datos!$G$89<=Bosque!$E$4,IF(Datos!$H$89<=Bosque!$E$5,Bosque!$M$6,Bosque!$M$7),IF(Datos!$G$89<=Bosque!$E$8,Bosque!$M$9,Bosque!$M$10)) | F89: =IF(Datos!$H$89<=Bosque!$E$11,IF(Datos!$E$89<=Bosque!$E$12,Bosque!$M$13,Bosque!$M$14),IF(Datos!$I$89<=Bosque!$E$15,Bosque!$M$16,Bosque!$M$17)) | G89: =IF(Datos!$E$89<=Bosque!$E$18,IF(Datos!$I$89<=Bosque!$E$19,Bosque!$M$20,Bosque!$M$21),Bosque!$M$22) | H89: =IF(Datos!$E$89<=Bosque!$E$23,IF(Datos!$E$89<=Bosque!$E$24,Bosque!$M$25,Bosque!$M$26),IF(Datos!$E$89<=Bosque!$E$27,Bosque!$M$28,Bosque!$M$29)) | I89: =IF(Datos!$G$89<=Bosque!$E$30,IF(Datos!$E$89<=Bosque!$E$31,Bosque!$M$32,Bosque!$M$33),IF(Datos!$E$89<=Bosque!$E$34,Bosque!$M$35,Bosque!$M$36)) | J89: =IF(Datos!$I$89<=Bosque!$E$37,IF(Datos!$H$89<=Bosque!$E$38,Bosque!$M$39,Bosque!$M$40),IF(Datos!$F$89<=Bosque!$E$41,Bosque!$M$42,Bosque!$M$43)) | K89: =IF(Datos!$G$89<=Bosque!$E$44,IF(Datos!$H$89<=Bosque!$E$45,Bosque!$M$46,Bosque!$M$47),IF(Datos!$F$89<=Bosque!$E$48,Bosque!$M$49,Bosque!$M$50)) | L89: =AVERAGE(E89:K89) | M89: =$M$2 | N89: =IF(L89>=M89,"Sí","No") | O89: =--AND(C89=1,N89="Sí") | P89: =--AND(C89=0,N89="Sí") | Q89: =--AND(C89=1,N89="No") | R89: =--AND(C89=0,N89="No") | S89: =--(C89=--(L89>=M89)) | T89: =O89*60000-P89*3000
A90: =Datos!A90 | B90: =Datos!B90 | C90: =Datos!D90 | D90: 90 | E90: =IF(Datos!$G$90<=Bosque!$E$4,IF(Datos!$H$90<=Bosque!$E$5,Bosque!$M$6,Bosque!$M$7),IF(Datos!$G$90<=Bosque!$E$8,Bosque!$M$9,Bosque!$M$10)) | F90: =IF(Datos!$H$90<=Bosque!$E$11,IF(Datos!$E$90<=Bosque!$E$12,Bosque!$M$13,Bosque!$M$14),IF(Datos!$I$90<=Bosque!$E$15,Bosque!$M$16,Bosque!$M$17)) | G90: =IF(Datos!$E$90<=Bosque!$E$18,IF(Datos!$I$90<=Bosque!$E$19,Bosque!$M$20,Bosque!$M$21),Bosque!$M$22) | H90: =IF(Datos!$E$90<=Bosque!$E$23,IF(Datos!$E$90<=Bosque!$E$24,Bosque!$M$25,Bosque!$M$26),IF(Datos!$E$90<=Bosque!$E$27,Bosque!$M$28,Bosque!$M$29)) | I90: =IF(Datos!$G$90<=Bosque!$E$30,IF(Datos!$E$90<=Bosque!$E$31,Bosque!$M$32,Bosque!$M$33),IF(Datos!$E$90<=Bosque!$E$34,Bosque!$M$35,Bosque!$M$36)) | J90: =IF(Datos!$I$90<=Bosque!$E$37,IF(Datos!$H$90<=Bosque!$E$38,Bosque!$M$39,Bosque!$M$40),IF(Datos!$F$90<=Bosque!$E$41,Bosque!$M$42,Bosque!$M$43)) | K90: =IF(Datos!$G$90<=Bosque!$E$44,IF(Datos!$H$90<=Bosque!$E$45,Bosque!$M$46,Bosque!$M$47),IF(Datos!$F$90<=Bosque!$E$48,Bosque!$M$49,Bosque!$M$50)) | L90: =AVERAGE(E90:K90) | M90: =$M$2 | N90: =IF(L90>=M90,"Sí","No") | O90: =--AND(C90=1,N90="Sí") | P90: =--AND(C90=0,N90="Sí") | Q90: =--AND(C90=1,N90="No") | R90: =--AND(C90=0,N90="No") | S90: =--(C90=--(L90>=M90)) | T90: =O90*60000-P90*3000
A91: =Datos!A91 | B91: =Datos!B91 | C91: =Datos!D91 | D91: 91 | E91: =IF(Datos!$G$91<=Bosque!$E$4,IF(Datos!$H$91<=Bosque!$E$5,Bosque!$M$6,Bosque!$M$7),IF(Datos!$G$91<=Bosque!$E$8,Bosque!$M$9,Bosque!$M$10)) | F91: =IF(Datos!$H$91<=Bosque!$E$11,IF(Datos!$E$91<=Bosque!$E$12,Bosque!$M$13,Bosque!$M$14),IF(Datos!$I$91<=Bosque!$E$15,Bosque!$M$16,Bosque!$M$17)) | G91: =IF(Datos!$E$91<=Bosque!$E$18,IF(Datos!$I$91<=Bosque!$E$19,Bosque!$M$20,Bosque!$M$21),Bosque!$M$22) | H91: =IF(Datos!$E$91<=Bosque!$E$23,IF(Datos!$E$91<=Bosque!$E$24,Bosque!$M$25,Bosque!$M$26),IF(Datos!$E$91<=Bosque!$E$27,Bosque!$M$28,Bosque!$M$29)) | I91: =IF(Datos!$G$91<=Bosque!$E$30,IF(Datos!$E$91<=Bosque!$E$31,Bosque!$M$32,Bosque!$M$33),IF(Datos!$E$91<=Bosque!$E$34,Bosque!$M$35,Bosque!$M$36)) | J91: =IF(Datos!$I$91<=Bosque!$E$37,IF(Datos!$H$91<=Bosque!$E$38,Bosque!$M$39,Bosque!$M$40),IF(Datos!$F$91<=Bosque!$E$41,Bosque!$M$42,Bosque!$M$43)) | K91: =IF(Datos!$G$91<=Bosque!$E$44,IF(Datos!$H$91<=Bosque!$E$45,Bosque!$M$46,Bosque!$M$47),IF(Datos!$F$91<=Bosque!$E$48,Bosque!$M$49,Bosque!$M$50)) | L91: =AVERAGE(E91:K91) | M91: =$M$2 | N91: =IF(L91>=M91,"Sí","No") | O91: =--AND(C91=1,N91="Sí") | P91: =--AND(C91=0,N91="Sí") | Q91: =--AND(C91=1,N91="No") | R91: =--AND(C91=0,N91="No") | S91: =--(C91=--(L91>=M91)) | T91: =O91*60000-P91*3000
A92: =Datos!A92 | B92: =Datos!B92 | C92: =Datos!D92 | D92: 92 | E92: =IF(Datos!$G$92<=Bosque!$E$4,IF(Datos!$H$92<=Bosque!$E$5,Bosque!$M$6,Bosque!$M$7),IF(Datos!$G$92<=Bosque!$E$8,Bosque!$M$9,Bosque!$M$10)) | F92: =IF(Datos!$H$92<=Bosque!$E$11,IF(Datos!$E$92<=Bosque!$E$12,Bosque!$M$13,Bosque!$M$14),IF(Datos!$I$92<=Bosque!$E$15,Bosque!$M$16,Bosque!$M$17)) | G92: =IF(Datos!$E$92<=Bosque!$E$18,IF(Datos!$I$92<=Bosque!$E$19,Bosque!$M$20,Bosque!$M$21),Bosque!$M$22) | H92: =IF(Datos!$E$92<=Bosque!$E$23,IF(Datos!$E$92<=Bosque!$E$24,Bosque!$M$25,Bosque!$M$26),IF(Datos!$E$92<=Bosque!$E$27,Bosque!$M$28,Bosque!$M$29)) | I92: =IF(Datos!$G$92<=Bosque!$E$30,IF(Datos!$E$92<=Bosque!$E$31,Bosque!$M$32,Bosque!$M$33),IF(Datos!$E$92<=Bosque!$E$34,Bosque!$M$35,Bosque!$M$36)) | J92: =IF(Datos!$I$92<=Bosque!$E$37,IF(Datos!$H$92<=Bosque!$E$38,Bosque!$M$39,Bosque!$M$40),IF(Datos!$F$92<=Bosque!$E$41,Bosque!$M$42,Bosque!$M$43)) | K92: =IF(Datos!$G$92<=Bosque!$E$44,IF(Datos!$H$92<=Bosque!$E$45,Bosque!$M$46,Bosque!$M$47),IF(Datos!$F$92<=Bosque!$E$48,Bosque!$M$49,Bosque!$M$50)) | L92: =AVERAGE(E92:K92) | M92: =$M$2 | N92: =IF(L92>=M92,"Sí","No") | O92: =--AND(C92=1,N92="Sí") | P92: =--AND(C92=0,N92="Sí") | Q92: =--AND(C92=1,N92="No") | R92: =--AND(C92=0,N92="No") | S92: =--(C92=--(L92>=M92)) | T92: =O92*60000-P92*3000
A93: =Datos!A93 | B93: =Datos!B93 | C93: =Datos!D93 | D93: 93 | E93: =IF(Datos!$G$93<=Bosque!$E$4,IF(Datos!$H$93<=Bosque!$E$5,Bosque!$M$6,Bosque!$M$7),IF(Datos!$G$93<=Bosque!$E$8,Bosque!$M$9,Bosque!$M$10)) | F93: =IF(Datos!$H$93<=Bosque!$E$11,IF(Datos!$E$93<=Bosque!$E$12,Bosque!$M$13,Bosque!$M$14),IF(Datos!$I$93<=Bosque!$E$15,Bosque!$M$16,Bosque!$M$17)) | G93: =IF(Datos!$E$93<=Bosque!$E$18,IF(Datos!$I$93<=Bosque!$E$19,Bosque!$M$20,Bosque!$M$21),Bosque!$M$22) | H93: =IF(Datos!$E$93<=Bosque!$E$23,IF(Datos!$E$93<=Bosque!$E$24,Bosque!$M$25,Bosque!$M$26),IF(Datos!$E$93<=Bosque!$E$27,Bosque!$M$28,Bosque!$M$29)) | I93: =IF(Datos!$G$93<=Bosque!$E$30,IF(Datos!$E$93<=Bosque!$E$31,Bosque!$M$32,Bosque!$M$33),IF(Datos!$E$93<=Bosque!$E$34,Bosque!$M$35,Bosque!$M$36)) | J93: =IF(Datos!$I$93<=Bosque!$E$37,IF(Datos!$H$93<=Bosque!$E$38,Bosque!$M$39,Bosque!$M$40),IF(Datos!$F$93<=Bosque!$E$41,Bosque!$M$42,Bosque!$M$43)) | K93: =IF(Datos!$G$93<=Bosque!$E$44,IF(Datos!$H$93<=Bosque!$E$45,Bosque!$M$46,Bosque!$M$47),IF(Datos!$F$93<=Bosque!$E$48,Bosque!$M$49,Bosque!$M$50)) | L93: =AVERAGE(E93:K93) | M93: =$M$2 | N93: =IF(L93>=M93,"Sí","No") | O93: =--AND(C93=1,N93="Sí") | P93: =--AND(C93=0,N93="Sí") | Q93: =--AND(C93=1,N93="No") | R93: =--AND(C93=0,N93="No") | S93: =--(C93=--(L93>=M93)) | T93: =O93*60000-P93*3000
A94: =Datos!A94 | B94: =Datos!B94 | C94: =Datos!D94 | D94: 94 | E94: =IF(Datos!$G$94<=Bosque!$E$4,IF(Datos!$H$94<=Bosque!$E$5,Bosque!$M$6,Bosque!$M$7),IF(Datos!$G$94<=Bosque!$E$8,Bosque!$M$9,Bosque!$M$10)) | F94: =IF(Datos!$H$94<=Bosque!$E$11,IF(Datos!$E$94<=Bosque!$E$12,Bosque!$M$13,Bosque!$M$14),IF(Datos!$I$94<=Bosque!$E$15,Bosque!$M$16,Bosque!$M$17)) | G94: =IF(Datos!$E$94<=Bosque!$E$18,IF(Datos!$I$94<=Bosque!$E$19,Bosque!$M$20,Bosque!$M$21),Bosque!$M$22) | H94: =IF(Datos!$E$94<=Bosque!$E$23,IF(Datos!$E$94<=Bosque!$E$24,Bosque!$M$25,Bosque!$M$26),IF(Datos!$E$94<=Bosque!$E$27,Bosque!$M$28,Bosque!$M$29)) | I94: =IF(Datos!$G$94<=Bosque!$E$30,IF(Datos!$E$94<=Bosque!$E$31,Bosque!$M$32,Bosque!$M$33),IF(Datos!$E$94<=Bosque!$E$34,Bosque!$M$35,Bosque!$M$36)) | J94: =IF(Datos!$I$94<=Bosque!$E$37,IF(Datos!$H$94<=Bosque!$E$38,Bosque!$M$39,Bosque!$M$40),IF(Datos!$F$94<=Bosque!$E$41,Bosque!$M$42,Bosque!$M$43)) | K94: =IF(Datos!$G$94<=Bosque!$E$44,IF(Datos!$H$94<=Bosque!$E$45,Bosque!$M$46,Bosque!$M$47),IF(Datos!$F$94<=Bosque!$E$48,Bosque!$M$49,Bosque!$M$50)) | L94: =AVERAGE(E94:K94) | M94: =$M$2 | N94: =IF(L94>=M94,"Sí","No") | O94: =--AND(C94=1,N94="Sí") | P94: =--AND(C94=0,N94="Sí") | Q94: =--AND(C94=1,N94="No") | R94: =--AND(C94=0,N94="No") | S94: =--(C94=--(L94>=M94)) | T94: =O94*60000-P94*3000
A95: =Datos!A95 | B95: =Datos!B95 | C95: =Datos!D95 | D95: 95 | E95: =IF(Datos!$G$95<=Bosque!$E$4,IF(Datos!$H$95<=Bosque!$E$5,Bosque!$M$6,Bosque!$M$7),IF(Datos!$G$95<=Bosque!$E$8,Bosque!$M$9,Bosque!$M$10)) | F95: =IF(Datos!$H$95<=Bosque!$E$11,IF(Datos!$E$95<=Bosque!$E$12,Bosque!$M$13,Bosque!$M$14),IF(Datos!$I$95<=Bosque!$E$15,Bosque!$M$16,Bosque!$M$17)) | G95: =IF(Datos!$E$95<=Bosque!$E$18,IF(Datos!$I$95<=Bosque!$E$19,Bosque!$M$20,Bosque!$M$21),Bosque!$M$22) | H95: =IF(Datos!$E$95<=Bosque!$E$23,IF(Datos!$E$95<=Bosque!$E$24,Bosque!$M$25,Bosque!$M$26),IF(Datos!$E$95<=Bosque!$E$27,Bosque!$M$28,Bosque!$M$29)) | I95: =IF(Datos!$G$95<=Bosque!$E$30,IF(Datos!$E$95<=Bosque!$E$31,Bosque!$M$32,Bosque!$M$33),IF(Datos!$E$95<=Bosque!$E$34,Bosque!$M$35,Bosque!$M$36)) | J95: =IF(Datos!$I$95<=Bosque!$E$37,IF(Datos!$H$95<=Bosque!$E$38,Bosque!$M$39,Bosque!$M$40),IF(Datos!$F$95<=Bosque!$E$41,Bosque!$M$42,Bosque!$M$43)) | K95: =IF(Datos!$G$95<=Bosque!$E$44,IF(Datos!$H$95<=Bosque!$E$45,Bosque!$M$46,Bosque!$M$47),IF(Datos!$F$95<=Bosque!$E$48,Bosque!$M$49,Bosque!$M$50)) | L95: =AVERAGE(E95:K95) | M95: =$M$2 | N95: =IF(L95>=M95,"Sí","No") | O95: =--AND(C95=1,N95="Sí") | P95: =--AND(C95=0,N95="Sí") | Q95: =--AND(C95=1,N95="No") | R95: =--AND(C95=0,N95="No") | S95: =--(C95=--(L95>=M95)) | T95: =O95*60000-P95*3000
A96: =Datos!A96 | B96: =Datos!B96 | C96: =Datos!D96 | D96: 96 | E96: =IF(Datos!$G$96<=Bosque!$E$4,IF(Datos!$H$96<=Bosque!$E$5,Bosque!$M$6,Bosque!$M$7),IF(Datos!$G$96<=Bosque!$E$8,Bosque!$M$9,Bosque!$M$10)) | F96: =IF(Datos!$H$96<=Bosque!$E$11,IF(Datos!$E$96<=Bosque!$E$12,Bosque!$M$13,Bosque!$M$14),IF(Datos!$I$96<=Bosque!$E$15,Bosque!$M$16,Bosque!$M$17)) | G96: =IF(Datos!$E$96<=Bosque!$E$18,IF(Datos!$I$96<=Bosque!$E$19,Bosque!$M$20,Bosque!$M$21),Bosque!$M$22) | H96: =IF(Datos!$E$96<=Bosque!$E$23,IF(Datos!$E$96<=Bosque!$E$24,Bosque!$M$25,Bosque!$M$26),IF(Datos!$E$96<=Bosque!$E$27,Bosque!$M$28,Bosque!$M$29)) | I96: =IF(Datos!$G$96<=Bosque!$E$30,IF(Datos!$E$96<=Bosque!$E$31,Bosque!$M$32,Bosque!$M$33),IF(Datos!$E$96<=Bosque!$E$34,Bosque!$M$35,Bosque!$M$36)) | J96: =IF(Datos!$I$96<=Bosque!$E$37,IF(Datos!$H$96<=Bosque!$E$38,Bosque!$M$39,Bosque!$M$40),IF(Datos!$F$96<=Bosque!$E$41,Bosque!$M$42,Bosque!$M$43)) | K96: =IF(Datos!$G$96<=Bosque!$E$44,IF(Datos!$H$96<=Bosque!$E$45,Bosque!$M$46,Bosque!$M$47),IF(Datos!$F$96<=Bosque!$E$48,Bosque!$M$49,Bosque!$M$50)) | L96: =AVERAGE(E96:K96) | M96: =$M$2 | N96: =IF(L96>=M96,"Sí","No") | O96: =--AND(C96=1,N96="Sí") | P96: =--AND(C96=0,N96="Sí") | Q96: =--AND(C96=1,N96="No") | R96: =--AND(C96=0,N96="No") | S96: =--(C96=--(L96>=M96)) | T96: =O96*60000-P96*3000
A97: =Datos!A97 | B97: =Datos!B97 | C97: =Datos!D97 | D97: 97 | E97: =IF(Datos!$G$97<=Bosque!$E$4,IF(Datos!$H$97<=Bosque!$E$5,Bosque!$M$6,Bosque!$M$7),IF(Datos!$G$97<=Bosque!$E$8,Bosque!$M$9,Bosque!$M$10)) | F97: =IF(Datos!$H$97<=Bosque!$E$11,IF(Datos!$E$97<=Bosque!$E$12,Bosque!$M$13,Bosque!$M$14),IF(Datos!$I$97<=Bosque!$E$15,Bosque!$M$16,Bosque!$M$17)) | G97: =IF(Datos!$E$97<=Bosque!$E$18,IF(Datos!$I$97<=Bosque!$E$19,Bosque!$M$20,Bosque!$M$21),Bosque!$M$22) | H97: =IF(Datos!$E$97<=Bosque!$E$23,IF(Datos!$E$97<=Bosque!$E$24,Bosque!$M$25,Bosque!$M$26),IF(Datos!$E$97<=Bosque!$E$27,Bosque!$M$28,Bosque!$M$29)) | I97: =IF(Datos!$G$97<=Bosque!$E$30,IF(Datos!$E$97<=Bosque!$E$31,Bosque!$M$32,Bosque!$M$33),IF(Datos!$E$97<=Bosque!$E$34,Bosque!$M$35,Bosque!$M$36)) | J97: =IF(Datos!$I$97<=Bosque!$E$37,IF(Datos!$H$97<=Bosque!$E$38,Bosque!$M$39,Bosque!$M$40),IF(Datos!$F$97<=Bosque!$E$41,Bosque!$M$42,Bosque!$M$43)) | K97: =IF(Datos!$G$97<=Bosque!$E$44,IF(Datos!$H$97<=Bosque!$E$45,Bosque!$M$46,Bosque!$M$47),IF(Datos!$F$97<=Bosque!$E$48,Bosque!$M$49,Bosque!$M$50)) | L97: =AVERAGE(E97:K97) | M97: =$M$2 | N97: =IF(L97>=M97,"Sí","No") | O97: =--AND(C97=1,N97="Sí") | P97: =--AND(C97=0,N97="Sí") | Q97: =--AND(C97=1,N97="No") | R97: =--AND(C97=0,N97="No") | S97: =--(C97=--(L97>=M97)) | T97: =O97*60000-P97*3000
A98: =Datos!A98 | B98: =Datos!B98 | C98: =Datos!D98 | D98: 98 | E98: =IF(Datos!$G$98<=Bosque!$E$4,IF(Datos!$H$98<=Bosque!$E$5,Bosque!$M$6,Bosque!$M$7),IF(Datos!$G$98<=Bosque!$E$8,Bosque!$M$9,Bosque!$M$10)) | F98: =IF(Datos!$H$98<=Bosque!$E$11,IF(Datos!$E$98<=Bosque!$E$12,Bosque!$M$13,Bosque!$M$14),IF(Datos!$I$98<=Bosque!$E$15,Bosque!$M$16,Bosque!$M$17)) | G98: =IF(Datos!$E$98<=Bosque!$E$18,IF(Datos!$I$98<=Bosque!$E$19,Bosque!$M$20,Bosque!$M$21),Bosque!$M$22) | H98: =IF(Datos!$E$98<=Bosque!$E$23,IF(Datos!$E$98<=Bosque!$E$24,Bosque!$M$25,Bosque!$M$26),IF(Datos!$E$98<=Bosque!$E$27,Bosque!$M$28,Bosque!$M$29)) | I98: =IF(Datos!$G$98<=Bosque!$E$30,IF(Datos!$E$98<=Bosque!$E$31,Bosque!$M$32,Bosque!$M$33),IF(Datos!$E$98<=Bosque!$E$34,Bosque!$M$35,Bosque!$M$36)) | J98: =IF(Datos!$I$98<=Bosque!$E$37,IF(Datos!$H$98<=Bosque!$E$38,Bosque!$M$39,Bosque!$M$40),IF(Datos!$F$98<=Bosque!$E$41,Bosque!$M$42,Bosque!$M$43)) | K98: =IF(Datos!$G$98<=Bosque!$E$44,IF(Datos!$H$98<=Bosque!$E$45,Bosque!$M$46,Bosque!$M$47),IF(Datos!$F$98<=Bosque!$E$48,Bosque!$M$49,Bosque!$M$50)) | L98: =AVERAGE(E98:K98) | M98: =$M$2 | N98: =IF(L98>=M98,"Sí","No") | O98: =--AND(C98=1,N98="Sí") | P98: =--AND(C98=0,N98="Sí") | Q98: =--AND(C98=1,N98="No") | R98: =--AND(C98=0,N98="No") | S98: =--(C98=--(L98>=M98)) | T98: =O98*60000-P98*3000
A99: =Datos!A99 | B99: =Datos!B99 | C99: =Datos!D99 | D99: 99 | E99: =IF(Datos!$G$99<=Bosque!$E$4,IF(Datos!$H$99<=Bosque!$E$5,Bosque!$M$6,Bosque!$M$7),IF(Datos!$G$99<=Bosque!$E$8,Bosque!$M$9,Bosque!$M$10)) | F99: =IF(Datos!$H$99<=Bosque!$E$11,IF(Datos!$E$99<=Bosque!$E$12,Bosque!$M$13,Bosque!$M$14),IF(Datos!$I$99<=Bosque!$E$15,Bosque!$M$16,Bosque!$M$17)) | G99: =IF(Datos!$E$99<=Bosque!$E$18,IF(Datos!$I$99<=Bosque!$E$19,Bosque!$M$20,Bosque!$M$21),Bosque!$M$22) | H99: =IF(Datos!$E$99<=Bosque!$E$23,IF(Datos!$E$99<=Bosque!$E$24,Bosque!$M$25,Bosque!$M$26),IF(Datos!$E$99<=Bosque!$E$27,Bosque!$M$28,Bosque!$M$29)) | I99: =IF(Datos!$G$99<=Bosque!$E$30,IF(Datos!$E$99<=Bosque!$E$31,Bosque!$M$32,Bosque!$M$33),IF(Datos!$E$99<=Bosque!$E$34,Bosque!$M$35,Bosque!$M$36)) | J99: =IF(Datos!$I$99<=Bosque!$E$37,IF(Datos!$H$99<=Bosque!$E$38,Bosque!$M$39,Bosque!$M$40),IF(Datos!$F$99<=Bosque!$E$41,Bosque!$M$42,Bosque!$M$43)) | K99: =IF(Datos!$G$99<=Bosque!$E$44,IF(Datos!$H$99<=Bosque!$E$45,Bosque!$M$46,Bosque!$M$47),IF(Datos!$F$99<=Bosque!$E$48,Bosque!$M$49,Bosque!$M$50)) | L99: =AVERAGE(E99:K99) | M99: =$M$2 | N99: =IF(L99>=M99,"Sí","No") | O99: =--AND(C99=1,N99="Sí") | P99: =--AND(C99=0,N99="Sí") | Q99: =--AND(C99=1,N99="No") | R99: =--AND(C99=0,N99="No") | S99: =--(C99=--(L99>=M99)) | T99: =O99*60000-P99*3000
A100: =Datos!A100 | B100: =Datos!B100 | C100: =Datos!D100 | D100: 100 | E100: =IF(Datos!$G$100<=Bosque!$E$4,IF(Datos!$H$100<=Bosque!$E$5,Bosque!$M$6,Bosque!$M$7),IF(Datos!$G$100<=Bosque!$E$8,Bosque!$M$9,Bosque!$M$10)) | F100: =IF(Datos!$H$100<=Bosque!$E$11,IF(Datos!$E$100<=Bosque!$E$12,Bosque!$M$13,Bosque!$M$14),IF(Datos!$I$100<=Bosque!$E$15,Bosque!$M$16,Bosque!$M$17)) | G100: =IF(Datos!$E$100<=Bosque!$E$18,IF(Datos!$I$100<=Bosque!$E$19,Bosque!$M$20,Bosque!$M$21),Bosque!$M$22) | H100: =IF(Datos!$E$100<=Bosque!$E$23,IF(Datos!$E$100<=Bosque!$E$24,Bosque!$M$25,Bosque!$M$26),IF(Datos!$E$100<=Bosque!$E$27,Bosque!$M$28,Bosque!$M$29)) | I100: =IF(Datos!$G$100<=Bosque!$E$30,IF(Datos!$E$100<=Bosque!$E$31,Bosque!$M$32,Bosque!$M$33),IF(Datos!$E$100<=Bosque!$E$34,Bosque!$M$35,Bosque!$M$36)) | J100: =IF(Datos!$I$100<=Bosque!$E$37,IF(Datos!$H$100<=Bosque!$E$38,Bosque!$M$39,Bosque!$M$40),IF(Datos!$F$100<=Bosque!$E$41,Bosque!$M$42,Bosque!$M$43)) | K100: =IF(Datos!$G$100<=Bosque!$E$44,IF(Datos!$H$100<=Bosque!$E$45,Bosque!$M$46,Bosque!$M$47),IF(Datos!$F$100<=Bosque!$E$48,Bosque!$M$49,Bosque!$M$50)) | L100: =AVERAGE(E100:K100) | M100: =$M$2 | N100: =IF(L100>=M100,"Sí","No") | O100: =--AND(C100=1,N100="Sí") | P100: =--AND(C100=0,N100="Sí") | Q100: =--AND(C100=1,N100="No") | R100: =--AND(C100=0,N100="No") | S100: =--(C100=--(L100>=M100)) | T100: =O100*60000-P100*3000
...
